occupancy,consumption_kwh,orientation,size_wdc,battery_kwh,pv_kwh,pv_over_cons,direct_kwh,exported_kwh,charged_kwh,discharged_kwh,self_consumption_fraction,effective_savings_fraction,savings_usd,savings_usd_if_100pct
base,1200,t90_s,400,0,336.5,0.280,246.7,89.8,0.0,0.0,0.7331,0.7331,86,118
base,1200,t90_s,400,1,336.5,0.280,246.7,3.0,86.8,78.1,0.9911,0.9653,114,118
base,1200,t90_s,400,2,336.5,0.280,246.7,0.0,89.8,80.8,1.0000,0.9733,115,118
base,1200,t90_s,800,0,673.0,0.561,332.4,340.7,0.0,0.0,0.4938,0.4938,116,236
base,1200,t90_s,800,1,673.0,0.561,332.4,139.7,200.9,180.8,0.7924,0.7625,180,236
base,1200,t90_s,800,2,673.0,0.561,332.4,43.0,297.6,267.7,0.9361,0.8916,210,236
base,1200,t90_s,1200,0,1009.5,0.841,376.9,632.7,0.0,0.0,0.3733,0.3733,132,353
base,1200,t90_s,1200,1,1009.5,0.841,376.9,362.9,269.8,242.8,0.6406,0.6138,217,353
base,1200,t90_s,1200,2,1009.5,0.841,376.9,208.7,424.0,381.4,0.7933,0.7511,265,353
base,1200,t90_s,1600,0,1346.0,1.122,406.1,940.0,0.0,0.0,0.3017,0.3017,142,471
base,1200,t90_s,1600,1,1346.0,1.122,406.1,627.5,312.4,281.2,0.5338,0.5106,241,471
base,1200,t90_s,1600,2,1346.0,1.122,406.1,427.2,512.8,461.4,0.6827,0.6444,304,471
base,1200,t35_s,400,0,518.1,0.432,340.7,177.4,0.0,0.0,0.6577,0.6577,119,181
base,1200,t35_s,400,1,518.1,0.432,340.7,6.6,170.7,153.7,0.9872,0.9543,173,181
base,1200,t35_s,400,2,518.1,0.432,340.7,0.0,177.4,159.6,1.0000,0.9658,175,181
base,1200,t35_s,800,0,1036.2,0.864,416.8,619.4,0.0,0.0,0.4023,0.4023,146,363
base,1200,t35_s,800,1,1036.2,0.864,416.8,316.4,303.0,272.7,0.6947,0.6654,241,363
base,1200,t35_s,800,2,1036.2,0.864,416.8,122.4,497.0,447.1,0.8819,0.8338,302,363
base,1200,t35_s,1200,0,1554.3,1.295,453.1,1101.2,0.0,0.0,0.2915,0.2915,159,544
base,1200,t35_s,1200,1,1554.3,1.295,453.1,766.3,334.9,301.4,0.5070,0.4854,264,544
base,1200,t35_s,1200,2,1554.3,1.295,453.1,516.3,584.9,526.3,0.6678,0.6301,343,544
base,1200,t35_s,1600,0,2072.4,1.727,474.2,1598.2,0.0,0.0,0.2288,0.2288,166,725
base,1200,t35_s,1600,1,2072.4,1.727,474.2,1244.9,353.3,318.0,0.3993,0.3823,277,725
base,1200,t35_s,1600,2,2072.4,1.727,474.2,977.8,620.4,558.2,0.5282,0.4982,361,725
base,1200,t60_s,400,0,466.5,0.389,310.5,156.0,0.0,0.0,0.6657,0.6657,109,163
base,1200,t60_s,400,1,466.5,0.389,310.5,7.8,148.2,133.4,0.9834,0.9516,155,163
base,1200,t60_s,400,2,466.5,0.389,310.5,0.0,156.0,140.4,1.0000,0.9666,158,163
base,1200,t60_s,800,0,933.0,0.777,386.1,546.9,0.0,0.0,0.4138,0.4138,135,327
base,1200,t60_s,800,1,933.0,0.777,386.1,260.5,286.5,257.8,0.7208,0.6901,225,327
base,1200,t60_s,800,2,933.0,0.777,386.1,95.2,451.7,406.3,0.8979,0.8493,277,327
base,1200,t60_s,1200,0,1399.5,1.166,422.7,976.7,0.0,0.0,0.3021,0.3021,148,490
base,1200,t60_s,1200,1,1399.5,1.166,422.7,652.6,324.1,291.7,0.5337,0.5105,250,490
base,1200,t60_s,1200,2,1399.5,1.166,422.7,410.8,565.9,509.2,0.7065,0.6659,326,490
base,1200,t60_s,1600,0,1866.0,1.555,445.5,1420.4,0.0,0.0,0.2388,0.2388,156,653
base,1200,t60_s,1600,1,1866.0,1.555,445.5,1077.9,342.5,308.2,0.4223,0.4040,264,653
base,1200,t60_s,1600,2,1866.0,1.555,445.5,811.3,609.1,548.0,0.5652,0.5325,348,653
base,1200,t90_sw,400,0,313.0,0.261,242.3,70.6,0.0,0.0,0.7743,0.7743,85,110
base,1200,t90_sw,400,1,313.0,0.261,242.3,0.3,70.3,63.3,0.9990,0.9766,107,110
base,1200,t90_sw,400,2,313.0,0.261,242.3,0.0,70.6,63.6,1.0000,0.9774,107,110
base,1200,t90_sw,800,0,625.9,0.522,341.2,284.7,0.0,0.0,0.5451,0.5451,119,219
base,1200,t90_sw,800,1,625.9,0.522,341.2,79.6,205.2,184.6,0.8729,0.8401,184,219
base,1200,t90_sw,800,2,625.9,0.522,341.2,8.3,276.4,248.8,0.9867,0.9425,206,219
base,1200,t90_sw,1200,0,938.9,0.782,394.5,544.3,0.0,0.0,0.4202,0.4202,138,329
base,1200,t90_sw,1200,1,938.9,0.782,394.5,265.3,279.1,251.2,0.7175,0.6877,226,329
base,1200,t90_sw,1200,2,938.9,0.782,394.5,108.7,435.6,391.9,0.8842,0.8376,275,329
base,1200,t90_sw,1600,0,1251.8,1.043,429.1,822.7,0.0,0.0,0.3428,0.3428,150,438
base,1200,t90_sw,1600,1,1251.8,1.043,429.1,505.3,317.4,285.6,0.5963,0.5710,250,438
base,1200,t90_sw,1600,2,1251.8,1.043,429.1,300.2,522.5,470.0,0.7602,0.7183,315,438
base,1200,t90_e,400,0,240.9,0.201,192.7,48.3,0.0,0.0,0.7997,0.7997,67,84
base,1200,t90_e,400,1,240.9,0.201,192.7,0.0,48.3,43.4,1.0000,0.9800,83,84
base,1200,t90_e,400,2,240.9,0.201,192.7,0.0,48.3,43.4,1.0000,0.9800,83,84
base,1200,t90_e,800,0,481.8,0.402,268.4,213.4,0.0,0.0,0.5570,0.5570,94,169
base,1200,t90_e,800,1,481.8,0.402,268.4,16.9,196.6,176.9,0.9650,0.9242,156,169
base,1200,t90_e,800,2,481.8,0.402,268.4,0.1,213.4,192.0,0.9998,0.9555,161,169
base,1200,t90_e,1200,0,722.8,0.602,321.4,401.4,0.0,0.0,0.4447,0.4447,112,253
base,1200,t90_e,1200,1,722.8,0.602,321.4,140.8,260.6,234.5,0.8052,0.7692,195,253
base,1200,t90_e,1200,2,722.8,0.602,321.4,16.1,385.2,346.7,0.9777,0.9244,234,253
base,1200,t90_e,1600,0,963.7,0.803,361.9,601.8,0.0,0.0,0.3755,0.3755,127,337
base,1200,t90_e,1600,1,963.7,0.803,361.9,313.0,288.8,259.9,0.6752,0.6452,218,337
base,1200,t90_e,1600,2,963.7,0.803,361.9,121.5,480.3,432.3,0.8739,0.8241,278,337
base,1200,t90_w,400,0,229.7,0.191,203.6,26.1,0.0,0.0,0.8863,0.8863,71,80
base,1200,t90_w,400,1,229.7,0.191,203.6,0.0,26.1,23.5,1.0000,0.9886,79,80
base,1200,t90_w,400,2,229.7,0.191,203.6,0.0,26.1,23.5,1.0000,0.9886,79,80
base,1200,t90_w,800,0,459.3,0.383,308.1,151.2,0.0,0.0,0.6708,0.6708,108,161
base,1200,t90_w,800,1,459.3,0.383,308.1,6.2,145.0,130.5,0.9865,0.9549,154,161
base,1200,t90_w,800,2,459.3,0.383,308.1,0.0,151.2,136.1,1.0000,0.9671,155,161
base,1200,t90_w,1200,0,689.0,0.574,369.8,319.2,0.0,0.0,0.5368,0.5368,129,241
base,1200,t90_w,1200,1,689.0,0.574,369.8,76.6,242.6,218.3,0.8889,0.8537,206,241
base,1200,t90_w,1200,2,689.0,0.574,369.8,8.6,310.5,279.5,0.9875,0.9424,227,241
base,1200,t90_w,1600,0,918.7,0.766,413.0,505.7,0.0,0.0,0.4495,0.4495,145,322
base,1200,t90_w,1600,1,918.7,0.766,413.0,218.1,287.6,258.8,0.7626,0.7313,235,322
base,1200,t90_w,1600,2,918.7,0.766,413.0,75.1,430.6,387.5,0.9183,0.8714,280,322
base,1700,t90_s,400,0,336.5,0.198,287.5,49.0,0.0,0.0,0.8544,0.8544,101,118
base,1700,t90_s,400,1,336.5,0.198,287.5,0.1,48.9,44.0,0.9996,0.9851,116,118
base,1700,t90_s,400,2,336.5,0.198,287.5,0.0,49.0,44.1,1.0000,0.9854,116,118
base,1700,t90_s,800,0,673.0,0.396,411.4,261.6,0.0,0.0,0.6112,0.6112,144,236
base,1700,t90_s,800,1,673.0,0.396,411.4,95.2,166.5,149.8,0.8586,0.8338,196,236
base,1700,t90_s,800,2,673.0,0.396,411.4,19.7,241.9,217.7,0.9707,0.9347,220,236
base,1700,t90_s,1200,0,1009.5,0.594,480.0,529.5,0.0,0.0,0.4755,0.4755,168,353
base,1700,t90_s,1200,1,1009.5,0.594,480.0,293.6,236.0,212.4,0.7092,0.6858,242,353
base,1700,t90_s,1200,2,1009.5,0.594,480.0,157.4,372.1,334.9,0.8441,0.8072,285,353
base,1700,t90_s,1600,0,1346.0,0.792,524.7,821.3,0.0,0.0,0.3898,0.3898,184,471
base,1700,t90_s,1600,1,1346.0,0.792,524.7,537.8,283.5,255.2,0.6005,0.5794,273,471
base,1700,t90_s,1600,2,1346.0,0.792,524.7,354.3,467.0,420.3,0.7368,0.7021,331,471
base,1700,t35_s,400,0,518.1,0.305,414.8,103.3,0.0,0.0,0.8006,0.8006,145,181
base,1700,t35_s,400,1,518.1,0.305,414.8,0.4,102.9,92.6,0.9992,0.9793,178,181
base,1700,t35_s,400,2,518.1,0.305,414.8,0.0,103.3,93.0,1.0000,0.9801,178,181
base,1700,t35_s,800,0,1036.2,0.610,540.3,495.9,0.0,0.0,0.5215,0.5215,189,363
base,1700,t35_s,800,1,1036.2,0.610,540.3,216.8,279.0,251.1,0.7907,0.7638,277,363
base,1700,t35_s,800,2,1036.2,0.610,540.3,53.0,442.9,398.6,0.9488,0.9061,329,363
base,1700,t35_s,1200,0,1554.3,0.914,598.3,956.0,0.0,0.0,0.3849,0.3849,209,544
base,1700,t35_s,1200,1,1554.3,0.914,598.3,634.1,321.9,289.7,0.5920,0.5713,311,544
base,1700,t35_s,1200,2,1554.3,0.914,598.3,372.4,583.7,525.3,0.7604,0.7229,393,544
base,1700,t35_s,1600,0,2072.4,1.219,634.8,1437.6,0.0,0.0,0.3063,0.3063,222,725
base,1700,t35_s,1600,1,2072.4,1.219,634.8,1095.3,342.3,308.1,0.4715,0.4550,330,725
base,1700,t35_s,1600,2,2072.4,1.219,634.8,801.9,635.6,572.1,0.6130,0.5824,422,725
base,1700,t60_s,400,0,466.5,0.274,374.5,92.0,0.0,0.0,0.8027,0.8027,131,163
base,1700,t60_s,400,1,466.5,0.274,374.5,0.4,91.6,82.5,0.9991,0.9795,160,163
base,1700,t60_s,400,2,466.5,0.274,374.5,0.0,92.0,82.8,1.0000,0.9803,160,163
base,1700,t60_s,800,0,933.0,0.549,497.1,435.9,0.0,0.0,0.5328,0.5328,174,327
base,1700,t60_s,800,1,933.0,0.549,497.1,181.2,254.7,229.2,0.8058,0.7785,254,327
base,1700,t60_s,800,2,933.0,0.549,497.1,50.8,385.1,346.6,0.9456,0.9043,295,327
base,1700,t60_s,1200,0,1399.5,0.823,554.7,844.8,0.0,0.0,0.3964,0.3964,194,490
base,1700,t60_s,1200,1,1399.5,0.823,554.7,534.9,309.9,278.9,0.6178,0.5957,292,490
base,1700,t60_s,1200,2,1399.5,0.823,554.7,301.2,543.6,489.2,0.7848,0.7460,365,490
base,1700,t60_s,1600,0,1866.0,1.098,591.7,1274.2,0.0,0.0,0.3171,0.3171,207,653
base,1700,t60_s,1600,1,1866.0,1.098,591.7,943.3,331.0,297.9,0.4945,0.4767,311,653
base,1700,t60_s,1600,2,1866.0,1.098,591.7,663.5,610.7,549.6,0.6444,0.6117,399,653
base,1700,t90_sw,400,0,313.0,0.184,276.7,36.3,0.0,0.0,0.8840,0.8840,97,110
base,1700,t90_sw,400,1,313.0,0.184,276.7,0.0,36.3,32.7,1.0000,0.9884,108,110
base,1700,t90_sw,400,2,313.0,0.184,276.7,0.0,36.3,32.7,1.0000,0.9884,108,110
base,1700,t90_sw,800,0,625.9,0.368,413.5,212.4,0.0,0.0,0.6607,0.6607,145,219
base,1700,t90_sw,800,1,625.9,0.368,413.5,45.9,166.5,149.8,0.9267,0.9001,197,219
base,1700,t90_sw,800,2,625.9,0.368,413.5,3.8,208.6,187.7,0.9939,0.9606,210,219
base,1700,t90_sw,1200,0,938.9,0.552,494.4,444.4,0.0,0.0,0.5266,0.5266,173,329
base,1700,t90_sw,1200,1,938.9,0.552,494.4,201.7,242.8,218.5,0.7852,0.7594,250,329
base,1700,t90_sw,1200,2,938.9,0.552,494.4,69.9,374.5,337.1,0.9256,0.8857,291,329
base,1700,t90_sw,1600,0,1251.8,0.736,548.0,703.8,0.0,0.0,0.4378,0.4378,192,438
base,1700,t90_sw,1600,1,1251.8,0.736,548.0,412.3,291.5,262.4,0.6707,0.6474,284,438
base,1700,t90_sw,1600,2,1251.8,0.736,548.0,222.7,481.1,433.0,0.8221,0.7836,343,438
base,1700,t90_e,400,0,240.9,0.142,221.6,19.3,0.0,0.0,0.9198,0.9198,78,84
base,1700,t90_e,400,1,240.9,0.142,221.6,0.0,19.3,17.4,1.0000,0.9920,84,84
base,1700,t90_e,400,2,240.9,0.142,221.6,0.0,19.3,17.4,1.0000,0.9920,84,84
base,1700,t90_e,800,0,481.8,0.283,323.6,158.3,0.0,0.0,0.6716,0.6716,113,169
base,1700,t90_e,800,1,481.8,0.283,323.6,4.8,153.5,138.2,0.9901,0.9583,162,169
base,1700,t90_e,800,2,481.8,0.283,323.6,0.0,158.3,142.4,1.0000,0.9672,163,169
base,1700,t90_e,1200,0,722.8,0.425,390.2,332.6,0.0,0.0,0.5399,0.5399,137,253
base,1700,t90_e,1200,1,722.8,0.425,390.2,93.9,238.7,214.8,0.8701,0.8371,212,253
base,1700,t90_e,1200,2,722.8,0.425,390.2,5.2,327.4,294.6,0.9928,0.9475,240,253
base,1700,t90_e,1600,0,963.7,0.567,443.7,520.0,0.0,0.0,0.4604,0.4604,155,337
base,1700,t90_e,1600,1,963.7,0.567,443.7,247.1,272.9,245.6,0.7436,0.7152,241,337
base,1700,t90_e,1600,2,963.7,0.567,443.7,69.2,450.8,405.7,0.9282,0.8814,297,337
base,1700,t90_w,400,0,229.7,0.135,221.1,8.6,0.0,0.0,0.9627,0.9627,77,80
base,1700,t90_w,400,1,229.7,0.135,221.1,0.0,8.6,7.7,1.0000,0.9963,80,80
base,1700,t90_w,400,2,229.7,0.135,221.1,0.0,8.6,7.7,1.0000,0.9963,80,80
base,1700,t90_w,800,0,459.3,0.270,361.9,97.4,0.0,0.0,0.7880,0.7880,127,161
base,1700,t90_w,800,1,459.3,0.270,361.9,1.7,95.7,86.1,0.9963,0.9755,157,161
base,1700,t90_w,800,2,459.3,0.270,361.9,0.0,97.4,87.6,1.0000,0.9788,157,161
base,1700,t90_w,1200,0,689.0,0.405,448.6,240.4,0.0,0.0,0.6511,0.6511,157,241
base,1700,t90_w,1200,1,689.0,0.405,448.6,39.8,200.6,180.5,0.9422,0.9131,220,241
base,1700,t90_w,1200,2,689.0,0.405,448.6,2.7,237.7,213.9,0.9961,0.9616,232,241
base,1700,t90_w,1600,0,918.7,0.540,510.8,407.9,0.0,0.0,0.5560,0.5560,179,322
base,1700,t90_w,1600,1,918.7,0.540,510.8,147.3,260.5,234.5,0.8396,0.8113,261,322
base,1700,t90_w,1600,2,918.7,0.540,510.8,29.1,378.8,340.9,0.9683,0.9271,298,322
base,2400,t90_s,400,0,336.5,0.140,321.8,14.7,0.0,0.0,0.9563,0.9563,113,118
base,2400,t90_s,400,1,336.5,0.140,321.8,0.0,14.7,13.2,1.0000,0.9956,117,118
base,2400,t90_s,400,2,336.5,0.140,321.8,0.0,14.7,13.2,1.0000,0.9956,117,118
base,2400,t90_s,800,0,673.0,0.280,493.4,179.7,0.0,0.0,0.7331,0.7331,173,236
base,2400,t90_s,800,1,673.0,0.280,493.4,50.4,129.2,116.3,0.9251,0.9059,213,236
base,2400,t90_s,800,2,673.0,0.280,493.4,6.0,173.6,156.3,0.9911,0.9653,227,236
base,2400,t90_s,1200,0,1009.5,0.421,595.9,413.6,0.0,0.0,0.5903,0.5903,209,353
base,2400,t90_s,1200,1,1009.5,0.421,595.9,218.1,195.5,176.0,0.7840,0.7646,270,353
base,2400,t90_s,1200,2,1009.5,0.421,595.9,104.2,309.4,278.4,0.8967,0.8661,306,353
base,2400,t90_s,1600,0,1346.0,0.561,664.7,681.3,0.0,0.0,0.4938,0.4938,233,471
base,2400,t90_s,1600,1,1346.0,0.561,664.7,433.8,247.5,222.7,0.6777,0.6593,311,471
base,2400,t90_s,1600,2,1346.0,0.561,664.7,279.7,401.7,361.5,0.7922,0.7624,359,471
base,2400,t35_s,400,0,518.1,0.216,480.0,38.1,0.0,0.0,0.9264,0.9264,168,181
base,2400,t35_s,400,1,518.1,0.216,480.0,0.0,38.1,34.3,1.0000,0.9926,180,181
base,2400,t35_s,400,2,518.1,0.216,480.0,0.0,38.1,34.3,1.0000,0.9926,180,181
base,2400,t35_s,800,0,1036.2,0.432,681.5,354.7,0.0,0.0,0.6577,0.6577,239,363
base,2400,t35_s,800,1,1036.2,0.432,681.5,119.2,235.5,212.0,0.8849,0.8622,313,363
base,2400,t35_s,800,2,1036.2,0.432,681.5,13.2,341.5,307.3,0.9872,0.9543,346,363
base,2400,t35_s,1200,0,1554.3,0.648,776.0,778.3,0.0,0.0,0.4993,0.4993,272,544
base,2400,t35_s,1200,1,1554.3,0.648,776.0,475.1,303.2,272.8,0.6943,0.6748,367,544
base,2400,t35_s,1200,2,1554.3,0.648,776.0,246.4,531.9,478.7,0.8415,0.8073,439,544
base,2400,t35_s,1600,0,2072.4,0.864,833.7,1238.7,0.0,0.0,0.4023,0.4023,292,725
base,2400,t35_s,1600,1,2072.4,0.864,833.7,910.2,328.5,295.7,0.5608,0.5449,395,725
base,2400,t35_s,1600,2,2072.4,0.864,833.7,632.9,605.8,545.3,0.6946,0.6654,483,725
base,2400,t60_s,400,0,466.5,0.194,431.1,35.4,0.0,0.0,0.9241,0.9241,151,163
base,2400,t60_s,400,1,466.5,0.194,431.1,0.0,35.4,31.9,1.0000,0.9924,162,163
base,2400,t60_s,400,2,466.5,0.194,431.1,0.0,35.4,31.9,1.0000,0.9924,162,163
base,2400,t60_s,800,0,933.0,0.389,621.0,311.9,0.0,0.0,0.6657,0.6657,217,327
base,2400,t60_s,800,1,933.0,0.389,621.0,105.3,206.6,186.0,0.8871,0.8650,282,327
base,2400,t60_s,800,2,933.0,0.389,621.0,15.5,296.4,266.8,0.9834,0.9516,311,327
base,2400,t60_s,1200,0,1399.5,0.583,714.6,684.9,0.0,0.0,0.5106,0.5106,250,490
base,2400,t60_s,1200,1,1399.5,0.583,714.6,400.9,284.0,255.6,0.7136,0.6933,340,490
base,2400,t60_s,1200,2,1399.5,0.583,714.6,205.7,479.2,431.3,0.8530,0.8188,401,490
base,2400,t60_s,1600,0,1866.0,0.777,772.1,1093.8,0.0,0.0,0.4138,0.4138,270,653
base,2400,t60_s,1600,1,1866.0,0.777,772.1,775.6,318.2,286.4,0.5843,0.5673,370,653
base,2400,t60_s,1600,2,1866.0,0.777,772.1,521.3,572.6,515.3,0.7206,0.6899,451,653
base,2400,t90_sw,400,0,313.0,0.130,303.0,10.0,0.0,0.0,0.9681,0.9681,106,110
base,2400,t90_sw,400,1,313.0,0.130,303.0,0.0,10.0,9.0,1.0000,0.9968,109,110
base,2400,t90_sw,400,2,313.0,0.130,303.0,0.0,10.0,9.0,1.0000,0.9968,109,110
base,2400,t90_sw,800,0,625.9,0.261,484.7,141.2,0.0,0.0,0.7743,0.7743,170,219
base,2400,t90_sw,800,1,625.9,0.261,484.7,17.1,124.1,111.7,0.9726,0.9528,209,219
base,2400,t90_sw,800,2,625.9,0.261,484.7,0.6,140.6,126.6,0.9990,0.9766,214,219
base,2400,t90_sw,1200,0,938.9,0.391,601.3,337.6,0.0,0.0,0.6405,0.6405,210,329
base,2400,t90_sw,1200,1,938.9,0.391,601.3,139.1,198.5,178.6,0.8519,0.8307,273,329
base,2400,t90_sw,1200,2,938.9,0.391,601.3,36.2,301.4,271.2,0.9615,0.9294,305,329
base,2400,t90_sw,1600,0,1251.8,0.522,682.3,569.5,0.0,0.0,0.5451,0.5451,239,438
base,2400,t90_sw,1600,1,1251.8,0.522,682.3,315.2,254.3,228.9,0.7482,0.7279,319,438
base,2400,t90_sw,1600,2,1251.8,0.522,682.3,159.2,410.3,369.2,0.8728,0.8400,368,438
base,2400,t90_e,400,0,240.9,0.100,238.3,2.6,0.0,0.0,0.9891,0.9891,83,84
base,2400,t90_e,400,1,240.9,0.100,238.3,0.0,2.6,2.4,1.0000,0.9989,84,84
base,2400,t90_e,400,2,240.9,0.100,238.3,0.0,2.6,2.4,1.0000,0.9989,84,84
base,2400,t90_e,800,0,481.8,0.201,385.3,96.5,0.0,0.0,0.7997,0.7997,135,169
base,2400,t90_e,800,1,481.8,0.201,385.3,0.6,95.9,86.3,0.9987,0.9788,165,169
base,2400,t90_e,800,2,481.8,0.201,385.3,0.0,96.5,86.9,1.0000,0.9800,165,169
base,2400,t90_e,1200,0,722.8,0.301,470.0,252.7,0.0,0.0,0.6503,0.6503,165,253
base,2400,t90_e,1200,1,722.8,0.301,470.0,46.2,206.5,185.8,0.9360,0.9074,230,253
base,2400,t90_e,1200,2,722.8,0.301,470.0,1.7,251.0,225.9,0.9976,0.9629,244,253
base,2400,t90_e,1600,0,963.7,0.402,536.8,426.9,0.0,0.0,0.5570,0.5570,188,337
base,2400,t90_e,1600,1,963.7,0.402,536.8,174.3,252.6,227.3,0.8191,0.7929,267,337
base,2400,t90_e,1600,2,963.7,0.402,536.8,33.8,393.1,353.8,0.9650,0.9242,312,337
base,2400,t90_w,400,0,229.7,0.096,228.9,0.7,0.0,0.0,0.9969,0.9969,80,80
base,2400,t90_w,400,1,229.7,0.096,228.9,0.0,0.7,0.6,1.0000,0.9997,80,80
base,2400,t90_w,400,2,229.7,0.096,228.9,0.0,0.7,0.6,1.0000,0.9997,80,80
base,2400,t90_w,800,0,459.3,0.191,407.1,52.2,0.0,0.0,0.8863,0.8863,142,161
base,2400,t90_w,800,1,459.3,0.191,407.1,0.1,52.1,46.9,0.9997,0.9884,159,161
base,2400,t90_w,800,2,459.3,0.191,407.1,0.0,52.2,47.0,1.0000,0.9886,159,161
base,2400,t90_w,1200,0,689.0,0.287,529.6,159.4,0.0,0.0,0.7687,0.7687,185,241
base,2400,t90_w,1200,1,689.0,0.287,529.6,15.9,143.4,129.1,0.9769,0.9560,231,241
base,2400,t90_w,1200,2,689.0,0.287,529.6,0.6,158.7,142.9,0.9991,0.9761,235,241
base,2400,t90_w,1600,0,918.7,0.383,616.2,302.5,0.0,0.0,0.6708,0.6708,216,322
base,2400,t90_w,1600,1,918.7,0.383,616.2,83.4,219.1,197.2,0.9092,0.8854,285,322
base,2400,t90_w,1600,2,918.7,0.383,616.2,12.4,290.0,261.0,0.9865,0.9549,307,322
base,3400,t90_s,400,0,336.5,0.099,335.7,0.8,0.0,0.0,0.9976,0.9976,117,118
base,3400,t90_s,400,1,336.5,0.099,335.7,0.0,0.8,0.7,1.0000,0.9998,118,118
base,3400,t90_s,400,2,336.5,0.099,335.7,0.0,0.8,0.7,1.0000,0.9998,118,118
base,3400,t90_s,800,0,673.0,0.198,575.0,98.0,0.0,0.0,0.8544,0.8544,201,236
base,3400,t90_s,800,1,673.0,0.198,575.0,13.4,84.6,76.1,0.9801,0.9675,228,236
base,3400,t90_s,800,2,673.0,0.198,575.0,0.2,97.7,88.0,0.9996,0.9851,232,236
base,3400,t90_s,1200,0,1009.5,0.297,719.5,290.0,0.0,0.0,0.7127,0.7127,252,353
base,3400,t90_s,1200,1,1009.5,0.297,719.5,134.8,155.2,139.7,0.8665,0.8511,301,353
base,3400,t90_s,1200,2,1009.5,0.297,719.5,49.9,240.2,216.1,0.9506,0.9268,327,353
base,3400,t90_s,1600,0,1346.0,0.396,822.7,523.3,0.0,0.0,0.6112,0.6112,288,471
base,3400,t90_s,1600,1,1346.0,0.396,822.7,319.7,203.6,183.2,0.7625,0.7474,352,471
base,3400,t90_s,1600,2,1346.0,0.396,822.7,190.5,332.8,299.6,0.8585,0.8338,393,471
base,3400,t35_s,400,0,518.1,0.152,516.0,2.1,0.0,0.0,0.9959,0.9959,181,181
base,3400,t35_s,400,1,518.1,0.152,516.0,0.0,2.1,1.9,1.0000,0.9996,181,181
base,3400,t35_s,400,2,518.1,0.152,516.0,0.0,2.1,1.9,1.0000,0.9996,181,181
base,3400,t35_s,800,0,1036.2,0.305,829.6,206.6,0.0,0.0,0.8006,0.8006,290,363
base,3400,t35_s,800,1,1036.2,0.305,829.6,36.9,169.8,152.8,0.9644,0.9480,344,363
base,3400,t35_s,800,2,1036.2,0.305,829.6,0.8,205.8,185.2,0.9992,0.9793,355,363
base,3400,t35_s,1200,0,1554.3,0.457,985.9,568.4,0.0,0.0,0.6343,0.6343,345,544
base,3400,t35_s,1200,1,1554.3,0.457,985.9,299.6,268.8,241.9,0.8072,0.7900,430,544
base,3400,t35_s,1200,2,1554.3,0.457,985.9,124.4,443.9,399.5,0.9199,0.8914,485,544
base,3400,t35_s,1600,0,2072.4,0.610,1080.7,991.7,0.0,0.0,0.5215,0.5215,378,725
base,3400,t35_s,1600,1,2072.4,0.610,1080.7,681.9,309.8,278.8,0.6710,0.6560,476,725
base,3400,t35_s,1600,2,2072.4,0.610,1080.7,433.8,558.0,502.2,0.7907,0.7638,554,725
base,3400,t60_s,400,0,466.5,0.137,464.6,1.9,0.0,0.0,0.9959,0.9959,163,163
base,3400,t60_s,400,1,466.5,0.137,464.6,0.0,1.9,1.7,1.0000,0.9996,163,163
base,3400,t60_s,400,2,466.5,0.137,464.6,0.0,1.9,1.7,1.0000,0.9996,163,163
base,3400,t60_s,800,0,933.0,0.274,748.9,184.1,0.0,0.0,0.8027,0.8027,262,327
base,3400,t60_s,800,1,933.0,0.274,748.9,37.4,146.6,132.0,0.9599,0.9442,308,327
base,3400,t60_s,800,2,933.0,0.274,748.9,0.8,183.2,164.9,0.9991,0.9795,320,327
base,3400,t60_s,1200,0,1399.5,0.412,899.8,499.7,0.0,0.0,0.6430,0.6430,315,490
base,3400,t60_s,1200,1,1399.5,0.412,899.8,257.6,242.0,217.8,0.8159,0.7986,391,490
base,3400,t60_s,1200,2,1399.5,0.412,899.8,112.9,386.8,348.1,0.9193,0.8917,437,490
base,3400,t60_s,1600,0,1866.0,0.549,994.3,871.7,0.0,0.0,0.5328,0.5328,348,653
base,3400,t60_s,1600,1,1866.0,0.549,994.3,580.2,291.5,262.4,0.6891,0.6734,440,653
base,3400,t60_s,1600,2,1866.0,0.549,994.3,362.7,509.0,458.1,0.8056,0.7783,508,653
base,3400,t90_sw,400,0,313.0,0.092,312.5,0.5,0.0,0.0,0.9984,0.9984,109,110
base,3400,t90_sw,400,1,313.0,0.092,312.5,0.0,0.5,0.4,1.0000,0.9998,110,110
base,3400,t90_sw,400,2,313.0,0.092,312.5,0.0,0.5,0.4,1.0000,0.9998,110,110
base,3400,t90_sw,800,0,625.9,0.184,553.3,72.6,0.0,0.0,0.8840,0.8840,194,219
base,3400,t90_sw,800,1,625.9,0.184,553.3,3.4,69.1,62.2,0.9945,0.9834,215,219
base,3400,t90_sw,800,2,625.9,0.184,553.3,0.0,72.6,65.3,1.0000,0.9884,217,219
base,3400,t90_sw,1200,0,938.9,0.276,709.4,229.5,0.0,0.0,0.7556,0.7556,248,329
base,3400,t90_sw,1200,1,938.9,0.276,709.4,72.8,156.7,141.0,0.9225,0.9058,298,329
base,3400,t90_sw,1200,2,938.9,0.276,709.4,12.1,217.4,195.7,0.9872,0.9640,317,329
base,3400,t90_sw,1600,0,1251.8,0.368,827.1,424.7,0.0,0.0,0.6607,0.6607,289,438
base,3400,t90_sw,1600,1,1251.8,0.368,827.1,217.3,207.4,186.7,0.8264,0.8098,355,438
base,3400,t90_sw,1600,2,1251.8,0.368,827.1,91.8,332.9,299.6,0.9266,0.9000,394,438
base,3400,t90_e,400,0,240.9,0.071,240.8,0.1,0.0,0.0,0.9996,0.9996,84,84
base,3400,t90_e,400,1,240.9,0.071,240.8,0.0,0.1,0.1,1.0000,1.0000,84,84
base,3400,t90_e,400,2,240.9,0.071,240.8,0.0,0.1,0.1,1.0000,1.0000,84,84
base,3400,t90_e,800,0,481.8,0.142,443.2,38.6,0.0,0.0,0.9198,0.9198,155,169
base,3400,t90_e,800,1,481.8,0.142,443.2,0.0,38.6,34.8,1.0000,0.9920,167,169
base,3400,t90_e,800,2,481.8,0.142,443.2,0.0,38.6,34.8,1.0000,0.9920,167,169
base,3400,t90_e,1200,0,722.8,0.213,562.4,160.3,0.0,0.0,0.7782,0.7782,197,253
base,3400,t90_e,1200,1,722.8,0.213,562.4,11.4,148.9,134.0,0.9842,0.9636,244,253
base,3400,t90_e,1200,2,722.8,0.213,562.4,0.1,160.3,144.3,0.9999,0.9778,247,253
base,3400,t90_e,1600,0,963.7,0.283,647.2,316.5,0.0,0.0,0.6716,0.6716,227,337
base,3400,t90_e,1600,1,963.7,0.283,647.2,95.0,221.5,199.3,0.9014,0.8784,296,337
base,3400,t90_e,1600,2,963.7,0.283,647.2,9.5,307.0,276.3,0.9901,0.9583,323,337
base,3400,t90_w,400,0,229.7,0.068,229.7,0.0,0.0,0.0,1.0000,1.0000,80,80
base,3400,t90_w,400,1,229.7,0.068,229.7,0.0,0.0,0.0,1.0000,1.0000,80,80
base,3400,t90_w,400,2,229.7,0.068,229.7,0.0,0.0,0.0,1.0000,1.0000,80,80
base,3400,t90_w,800,0,459.3,0.135,442.2,17.1,0.0,0.0,0.9627,0.9627,155,161
base,3400,t90_w,800,1,459.3,0.135,442.2,0.0,17.1,15.4,1.0000,0.9963,160,161
base,3400,t90_w,800,2,459.3,0.135,442.2,0.0,17.1,15.4,1.0000,0.9963,160,161
base,3400,t90_w,1200,0,689.0,0.203,600.3,88.7,0.0,0.0,0.8712,0.8712,210,241
base,3400,t90_w,1200,1,689.0,0.203,600.3,3.6,85.2,76.6,0.9948,0.9824,237,241
base,3400,t90_w,1200,2,689.0,0.203,600.3,0.0,88.7,79.9,1.0000,0.9871,238,241
base,3400,t90_w,1600,0,918.7,0.270,723.9,194.8,0.0,0.0,0.7880,0.7880,253,322
base,3400,t90_w,1600,1,918.7,0.270,723.9,35.9,158.9,143.0,0.9609,0.9436,303,322
base,3400,t90_w,1600,2,918.7,0.270,723.9,3.4,191.4,172.2,0.9963,0.9755,314,322
base,4200,t90_s,400,0,336.5,0.080,336.5,0.0,0.0,0.0,1.0000,1.0000,118,118
base,4200,t90_s,400,1,336.5,0.080,336.5,0.0,0.0,0.0,1.0000,1.0000,118,118
base,4200,t90_s,400,2,336.5,0.080,336.5,0.0,0.0,0.0,1.0000,1.0000,118,118
base,4200,t90_s,800,0,673.0,0.160,619.9,53.1,0.0,0.0,0.9211,0.9211,217,236
base,4200,t90_s,800,1,673.0,0.160,619.9,4.0,49.1,44.2,0.9941,0.9868,232,236
base,4200,t90_s,800,2,673.0,0.160,619.9,0.0,53.1,47.8,1.0000,0.9921,234,236
base,4200,t90_s,1200,0,1009.5,0.240,794.9,214.7,0.0,0.0,0.7874,0.7874,278,353
base,4200,t90_s,1200,1,1009.5,0.240,794.9,85.4,129.3,116.3,0.9154,0.9026,319,353
base,4200,t90_s,1200,2,1009.5,0.240,794.9,22.5,192.1,172.9,0.9777,0.9586,339,353
base,4200,t90_s,1600,0,1346.0,0.320,922.8,423.3,0.0,0.0,0.6855,0.6855,323,471
base,4200,t90_s,1600,1,1346.0,0.320,922.8,246.3,177.0,159.3,0.8170,0.8039,379,471
base,4200,t90_s,1600,2,1346.0,0.320,922.8,135.0,288.3,259.5,0.8997,0.8783,414,471
base,4200,t35_s,400,0,518.1,0.123,518.0,0.1,0.0,0.0,0.9998,0.9998,181,181
base,4200,t35_s,400,1,518.1,0.123,518.0,0.0,0.1,0.1,1.0000,1.0000,181,181
base,4200,t35_s,400,2,518.1,0.123,518.0,0.0,0.1,0.1,1.0000,1.0000,181,181
base,4200,t35_s,800,0,1036.2,0.247,913.5,122.7,0.0,0.0,0.8816,0.8816,320,363
base,4200,t35_s,800,1,1036.2,0.247,913.5,7.2,115.5,104.0,0.9930,0.9819,356,363
base,4200,t35_s,800,2,1036.2,0.247,913.5,0.0,122.7,110.4,1.0000,0.9882,358,363
base,4200,t35_s,1200,0,1554.3,0.370,1120.5,433.8,0.0,0.0,0.7209,0.7209,392,544
base,4200,t35_s,1200,1,1554.3,0.370,1120.5,199.3,234.5,211.1,0.8718,0.8567,466,544
base,4200,t35_s,1200,2,1554.3,0.370,1120.5,61.5,372.3,335.0,0.9604,0.9365,509,544
base,4200,t35_s,1600,0,2072.4,0.493,1250.4,822.0,0.0,0.0,0.6033,0.6033,438,725
base,4200,t35_s,1600,1,2072.4,0.493,1250.4,530.5,291.5,262.4,0.7440,0.7299,529,725
base,4200,t35_s,1600,2,2072.4,0.493,1250.4,312.6,509.4,458.5,0.8492,0.8246,598,725
base,4200,t60_s,400,0,466.5,0.111,466.5,0.0,0.0,0.0,0.9999,0.9999,163,163
base,4200,t60_s,400,1,466.5,0.111,466.5,0.0,0.0,0.0,1.0000,1.0000,163,163
base,4200,t60_s,400,2,466.5,0.111,466.5,0.0,0.0,0.0,1.0000,1.0000,163,163
base,4200,t60_s,800,0,933.0,0.222,821.4,111.6,0.0,0.0,0.8804,0.8804,287,327
base,4200,t60_s,800,1,933.0,0.222,821.4,9.0,102.6,92.3,0.9903,0.9793,320,327
base,4200,t60_s,800,2,933.0,0.222,821.4,0.0,111.6,100.5,1.0000,0.9880,323,327
base,4200,t60_s,1200,0,1399.5,0.333,1017.9,381.5,0.0,0.0,0.7274,0.7274,356,490
base,4200,t60_s,1200,1,1399.5,0.333,1017.9,176.0,205.5,184.9,0.8742,0.8595,421,490
base,4200,t60_s,1200,2,1399.5,0.333,1017.9,61.4,320.1,288.1,0.9561,0.9332,457,490
base,4200,t60_s,1600,0,1866.0,0.444,1144.0,722.0,0.0,0.0,0.6131,0.6131,400,653
base,4200,t60_s,1600,1,1866.0,0.444,1144.0,454.6,267.4,240.6,0.7564,0.7420,485,653
base,4200,t60_s,1600,2,1866.0,0.444,1144.0,268.1,453.9,408.5,0.8563,0.8320,543,653
base,4200,t90_sw,400,0,313.0,0.075,312.9,0.0,0.0,0.0,1.0000,1.0000,110,110
base,4200,t90_sw,400,1,313.0,0.075,312.9,0.0,0.0,0.0,1.0000,1.0000,110,110
base,4200,t90_sw,400,2,313.0,0.075,312.9,0.0,0.0,0.0,1.0000,1.0000,110,110
base,4200,t90_sw,800,0,625.9,0.149,588.7,37.2,0.0,0.0,0.9406,0.9406,206,219
base,4200,t90_sw,800,1,625.9,0.149,588.7,0.5,36.6,33.0,0.9992,0.9933,218,219
base,4200,t90_sw,800,2,625.9,0.149,588.7,0.0,37.2,33.4,1.0000,0.9941,218,219
base,4200,t90_sw,1200,0,938.9,0.224,774.1,164.8,0.0,0.0,0.8245,0.8245,271,329
base,4200,t90_sw,1200,1,938.9,0.224,774.1,36.7,128.1,115.3,0.9610,0.9473,311,329
base,4200,t90_sw,1200,2,938.9,0.224,774.1,5.2,159.6,143.7,0.9945,0.9775,321,329
base,4200,t90_sw,1600,0,1251.8,0.298,914.7,337.1,0.0,0.0,0.7307,0.7307,320,438
base,4200,t90_sw,1600,1,1251.8,0.298,914.7,157.3,179.9,161.9,0.8744,0.8600,377,438
base,4200,t90_sw,1600,2,1251.8,0.298,914.7,53.7,283.4,255.1,0.9571,0.9344,409,438
base,4200,t90_e,400,0,240.9,0.057,240.9,0.0,0.0,0.0,1.0000,1.0000,84,84
base,4200,t90_e,400,1,240.9,0.057,240.9,0.0,0.0,0.0,1.0000,1.0000,84,84
base,4200,t90_e,400,2,240.9,0.057,240.9,0.0,0.0,0.0,1.0000,1.0000,84,84
base,4200,t90_e,800,0,481.8,0.115,468.1,13.8,0.0,0.0,0.9714,0.9714,164,169
base,4200,t90_e,800,1,481.8,0.115,468.1,0.0,13.8,12.4,1.0000,0.9971,168,169
base,4200,t90_e,800,2,481.8,0.115,468.1,0.0,13.8,12.4,1.0000,0.9971,168,169
base,4200,t90_e,1200,0,722.8,0.172,618.7,104.1,0.0,0.0,0.8559,0.8559,217,253
base,4200,t90_e,1200,1,722.8,0.172,618.7,3.2,100.9,90.8,0.9956,0.9816,248,253
base,4200,t90_e,1200,2,722.8,0.172,618.7,0.0,104.1,93.7,1.0000,0.9856,249,253
base,4200,t90_e,1600,0,963.7,0.229,722.2,241.5,0.0,0.0,0.7494,0.7494,253,337
base,4200,t90_e,1600,1,963.7,0.229,722.2,51.1,190.4,171.4,0.9470,0.9272,313,337
base,4200,t90_e,1600,2,963.7,0.229,722.2,3.2,238.3,214.5,0.9967,0.9720,328,337
base,4200,t90_w,400,0,229.7,0.055,229.7,0.0,0.0,0.0,1.0000,1.0000,80,80
base,4200,t90_w,400,1,229.7,0.055,229.7,0.0,0.0,0.0,1.0000,1.0000,80,80
base,4200,t90_w,400,2,229.7,0.055,229.7,0.0,0.0,0.0,1.0000,1.0000,80,80
base,4200,t90_w,800,0,459.3,0.109,454.8,4.6,0.0,0.0,0.9900,0.9900,159,161
base,4200,t90_w,800,1,459.3,0.109,454.8,0.0,4.6,4.1,1.0000,0.9990,161,161
base,4200,t90_w,800,2,459.3,0.109,454.8,0.0,4.6,4.1,1.0000,0.9990,161,161
base,4200,t90_w,1200,0,689.0,0.164,636.5,52.5,0.0,0.0,0.9238,0.9238,223,241
base,4200,t90_w,1200,1,689.0,0.164,636.5,0.7,51.8,46.6,0.9990,0.9915,239,241
base,4200,t90_w,1200,2,689.0,0.164,636.5,0.0,52.5,47.3,1.0000,0.9924,239,241
base,4200,t90_w,1600,0,918.7,0.219,781.1,137.6,0.0,0.0,0.8502,0.8502,273,322
base,4200,t90_w,1600,1,918.7,0.219,781.1,16.7,120.9,108.8,0.9818,0.9686,311,322
base,4200,t90_w,1600,2,918.7,0.219,781.1,0.9,136.7,123.0,0.9990,0.9841,316,322
base,7000,t90_s,400,0,336.5,0.048,336.5,0.0,0.0,0.0,1.0000,1.0000,118,118
base,7000,t90_s,400,1,336.5,0.048,336.5,0.0,0.0,0.0,1.0000,1.0000,118,118
base,7000,t90_s,400,2,336.5,0.048,336.5,0.0,0.0,0.0,1.0000,1.0000,118,118
base,7000,t90_s,800,0,673.0,0.096,672.0,1.0,0.0,0.0,0.9985,0.9985,235,236
base,7000,t90_s,800,1,673.0,0.096,672.0,0.0,1.0,0.9,1.0000,0.9999,236,236
base,7000,t90_s,800,2,673.0,0.096,672.0,0.0,1.0,0.9,1.0000,0.9999,236,236
base,7000,t90_s,1200,0,1009.5,0.144,958.6,50.9,0.0,0.0,0.9496,0.9496,336,353
base,7000,t90_s,1200,1,1009.5,0.144,958.6,7.3,43.6,39.2,0.9927,0.9884,349,353
base,7000,t90_s,1200,2,1009.5,0.144,958.6,0.2,50.7,45.7,0.9998,0.9948,352,353
base,7000,t90_s,1600,0,1346.0,0.192,1163.0,183.0,0.0,0.0,0.8640,0.8640,407,471
base,7000,t90_s,1600,1,1346.0,0.192,1163.0,74.8,108.2,97.4,0.9444,0.9364,441,471
base,7000,t90_s,1600,2,1346.0,0.192,1163.0,22.5,160.4,144.4,0.9832,0.9713,458,471
base,7000,t35_s,400,0,518.1,0.074,518.1,0.0,0.0,0.0,1.0000,1.0000,181,181
base,7000,t35_s,400,1,518.1,0.074,518.1,0.0,0.0,0.0,1.0000,1.0000,181,181
base,7000,t35_s,400,2,518.1,0.074,518.1,0.0,0.0,0.0,1.0000,1.0000,181,181
base,7000,t35_s,800,0,1036.2,0.148,1033.3,2.9,0.0,0.0,0.9972,0.9972,362,363
base,7000,t35_s,800,1,1036.2,0.148,1033.3,0.0,2.9,2.6,1.0000,0.9997,363,363
base,7000,t35_s,800,2,1036.2,0.148,1033.3,0.0,2.9,2.6,1.0000,0.9997,363,363
base,7000,t35_s,1200,0,1554.3,0.222,1426.2,128.1,0.0,0.0,0.9176,0.9176,499,544
base,7000,t35_s,1200,1,1554.3,0.222,1426.2,15.4,112.6,101.4,0.9901,0.9828,535,544
base,7000,t35_s,1200,2,1554.3,0.222,1426.2,0.5,127.5,114.8,0.9996,0.9914,539,544
base,7000,t35_s,1600,0,2072.4,0.296,1683.1,389.3,0.0,0.0,0.8121,0.8121,589,725
base,7000,t35_s,1600,1,2072.4,0.296,1683.1,184.2,205.1,184.6,0.9111,0.9012,654,725
base,7000,t35_s,1600,2,2072.4,0.296,1683.1,62.5,326.8,294.2,0.9698,0.9541,692,725
base,7000,t60_s,400,0,466.5,0.067,466.5,0.0,0.0,0.0,1.0000,1.0000,163,163
base,7000,t60_s,400,1,466.5,0.067,466.5,0.0,0.0,0.0,1.0000,1.0000,163,163
base,7000,t60_s,400,2,466.5,0.067,466.5,0.0,0.0,0.0,1.0000,1.0000,163,163
base,7000,t60_s,800,0,933.0,0.133,930.6,2.3,0.0,0.0,0.9975,0.9975,326,327
base,7000,t60_s,800,1,933.0,0.133,930.6,0.0,2.3,2.1,1.0000,0.9998,326,327
base,7000,t60_s,800,2,933.0,0.133,930.6,0.0,2.3,2.1,1.0000,0.9998,326,327
base,7000,t60_s,1200,0,1399.5,0.200,1281.0,118.5,0.0,0.0,0.9153,0.9153,448,490
base,7000,t60_s,1200,1,1399.5,0.200,1281.0,18.6,99.9,89.9,0.9867,0.9796,480,490
base,7000,t60_s,1200,2,1399.5,0.200,1281.0,0.6,117.9,106.1,0.9996,0.9912,485,490
base,7000,t60_s,1600,0,1866.0,0.267,1518.4,347.5,0.0,0.0,0.8137,0.8137,531,653
base,7000,t60_s,1600,1,1866.0,0.267,1518.4,168.2,179.3,161.4,0.9099,0.9002,588,653
base,7000,t60_s,1600,2,1866.0,0.267,1518.4,65.2,282.3,254.1,0.9651,0.9499,620,653
base,7000,t90_sw,400,0,313.0,0.045,313.0,0.0,0.0,0.0,1.0000,1.0000,110,110
base,7000,t90_sw,400,1,313.0,0.045,313.0,0.0,0.0,0.0,1.0000,1.0000,110,110
base,7000,t90_sw,400,2,313.0,0.045,313.0,0.0,0.0,0.0,1.0000,1.0000,110,110
base,7000,t90_sw,800,0,625.9,0.089,625.3,0.6,0.0,0.0,0.9990,0.9990,219,219
base,7000,t90_sw,800,1,625.9,0.089,625.3,0.0,0.6,0.6,1.0000,0.9999,219,219
base,7000,t90_sw,800,2,625.9,0.089,625.3,0.0,0.6,0.6,1.0000,0.9999,219,219
base,7000,t90_sw,1200,0,938.9,0.134,904.0,34.8,0.0,0.0,0.9629,0.9629,316,329
base,7000,t90_sw,1200,1,938.9,0.134,904.0,1.4,33.5,30.1,0.9986,0.9950,327,329
base,7000,t90_sw,1200,2,938.9,0.134,904.0,0.0,34.8,31.3,1.0000,0.9963,327,329
base,7000,t90_sw,1600,0,1251.8,0.179,1117.1,134.7,0.0,0.0,0.8924,0.8924,391,438
base,7000,t90_sw,1600,1,1251.8,0.179,1117.1,30.1,104.6,94.2,0.9760,0.9676,424,438
base,7000,t90_sw,1600,2,1251.8,0.179,1117.1,5.8,128.9,116.0,0.9954,0.9851,432,438
base,7000,t90_e,400,0,240.9,0.034,240.9,0.0,0.0,0.0,1.0000,1.0000,84,84
base,7000,t90_e,400,1,240.9,0.034,240.9,0.0,0.0,0.0,1.0000,1.0000,84,84
base,7000,t90_e,400,2,240.9,0.034,240.9,0.0,0.0,0.0,1.0000,1.0000,84,84
base,7000,t90_e,800,0,481.8,0.069,481.7,0.1,0.0,0.0,0.9998,0.9998,169,169
base,7000,t90_e,800,1,481.8,0.069,481.7,0.0,0.1,0.1,1.0000,1.0000,169,169
base,7000,t90_e,800,2,481.8,0.069,481.7,0.0,0.1,0.1,1.0000,1.0000,169,169
base,7000,t90_e,1200,0,722.8,0.103,712.8,10.0,0.0,0.0,0.9862,0.9862,249,253
base,7000,t90_e,1200,1,722.8,0.103,712.8,0.0,10.0,9.0,1.0000,0.9986,253,253
base,7000,t90_e,1200,2,722.8,0.103,712.8,0.0,10.0,9.0,1.0000,0.9986,253,253
base,7000,t90_e,1600,0,963.7,0.138,894.5,69.2,0.0,0.0,0.9282,0.9282,313,337
base,7000,t90_e,1600,1,963.7,0.138,894.5,2.4,66.8,60.1,0.9975,0.9906,334,337
base,7000,t90_e,1600,2,963.7,0.138,894.5,0.0,69.2,62.3,1.0000,0.9928,335,337
base,7000,t90_w,400,0,229.7,0.033,229.7,0.0,0.0,0.0,1.0000,1.0000,80,80
base,7000,t90_w,400,1,229.7,0.033,229.7,0.0,0.0,0.0,1.0000,1.0000,80,80
base,7000,t90_w,400,2,229.7,0.033,229.7,0.0,0.0,0.0,1.0000,1.0000,80,80
base,7000,t90_w,800,0,459.3,0.066,459.3,0.0,0.0,0.0,1.0000,1.0000,161,161
base,7000,t90_w,800,1,459.3,0.066,459.3,0.0,0.0,0.0,1.0000,1.0000,161,161
base,7000,t90_w,800,2,459.3,0.066,459.3,0.0,0.0,0.0,1.0000,1.0000,161,161
base,7000,t90_w,1200,0,689.0,0.098,686.3,2.7,0.0,0.0,0.9962,0.9962,240,241
base,7000,t90_w,1200,1,689.0,0.098,686.3,0.0,2.7,2.4,1.0000,0.9996,241,241
base,7000,t90_w,1200,2,689.0,0.098,686.3,0.0,2.7,2.4,1.0000,0.9996,241,241
base,7000,t90_w,1600,0,918.7,0.131,888.8,29.9,0.0,0.0,0.9675,0.9675,311,322
base,7000,t90_w,1600,1,918.7,0.131,888.8,0.4,29.5,26.5,0.9995,0.9963,320,322
base,7000,t90_w,1600,2,918.7,0.131,888.8,0.0,29.9,26.9,1.0000,0.9967,320,322
wfh,1200,t90_s,400,0,336.5,0.280,284.0,52.5,0.0,0.0,0.8441,0.8441,99,118
wfh,1200,t90_s,400,1,336.5,0.280,284.0,2.5,50.0,45.0,0.9927,0.9778,115,118
wfh,1200,t90_s,400,2,336.5,0.280,284.0,0.0,52.5,47.2,1.0000,0.9844,116,118
wfh,1200,t90_s,800,0,673.0,0.561,405.5,267.6,0.0,0.0,0.6024,0.6024,142,236
wfh,1200,t90_s,800,1,673.0,0.561,405.5,100.7,166.9,150.2,0.8504,0.8256,194,236
wfh,1200,t90_s,800,2,673.0,0.561,405.5,30.0,237.6,213.3,0.9555,0.9194,217,236
wfh,1200,t90_s,1200,0,1009.5,0.841,469.8,539.7,0.0,0.0,0.4654,0.4654,164,353
wfh,1200,t90_s,1200,1,1009.5,0.841,469.8,301.1,238.6,214.7,0.7017,0.6781,240,353
wfh,1200,t90_s,1200,2,1009.5,0.841,469.8,179.6,360.1,323.6,0.8221,0.7859,278,353
wfh,1200,t90_s,1600,0,1346.0,1.122,508.0,838.0,0.0,0.0,0.3774,0.3774,178,471
wfh,1200,t90_s,1600,1,1346.0,1.122,508.0,548.2,289.9,260.9,0.5928,0.5712,269,471
wfh,1200,t90_s,1600,2,1346.0,1.122,508.0,392.5,445.6,400.5,0.7084,0.6749,318,471
wfh,1200,t35_s,400,0,518.1,0.432,407.8,110.3,0.0,0.0,0.7871,0.7871,143,181
wfh,1200,t35_s,400,1,518.1,0.432,407.8,5.1,105.2,94.7,0.9902,0.9699,176,181
wfh,1200,t35_s,400,2,518.1,0.432,407.8,0.0,110.3,99.3,1.0000,0.9787,177,181
wfh,1200,t35_s,800,0,1036.2,0.864,514.4,521.8,0.0,0.0,0.4964,0.4964,180,363
wfh,1200,t35_s,800,1,1036.2,0.864,514.4,237.2,284.6,256.1,0.7710,0.7436,270,363
wfh,1200,t35_s,800,2,1036.2,0.864,514.4,97.2,424.5,381.6,0.9061,0.8647,314,363
wfh,1200,t35_s,1200,0,1554.3,1.295,562.1,992.2,0.0,0.0,0.3616,0.3616,197,544
wfh,1200,t35_s,1200,1,1554.3,1.295,562.1,666.2,326.0,293.4,0.5714,0.5504,299,544
wfh,1200,t35_s,1200,2,1554.3,1.295,562.1,476.6,515.7,463.6,0.6934,0.6599,359,544
wfh,1200,t35_s,1600,0,2072.4,1.727,590.7,1481.7,0.0,0.0,0.2850,0.2850,207,725
wfh,1200,t35_s,1600,1,2072.4,1.727,590.7,1135.6,346.1,311.5,0.4520,0.4353,316,725
wfh,1200,t35_s,1600,2,2072.4,1.727,590.7,939.5,542.2,487.5,0.5467,0.5202,377,725
wfh,1200,t60_s,400,0,466.5,0.389,370.5,96.0,0.0,0.0,0.7941,0.7941,130,163
wfh,1200,t60_s,400,1,466.5,0.389,370.5,5.4,90.6,81.6,0.9884,0.9690,158,163
wfh,1200,t60_s,400,2,466.5,0.389,370.5,0.0,96.0,86.4,1.0000,0.9794,160,163
wfh,1200,t60_s,800,0,933.0,0.777,478.8,454.2,0.0,0.0,0.5132,0.5132,168,327
wfh,1200,t60_s,800,1,933.0,0.777,478.8,192.4,261.8,235.6,0.7938,0.7657,250,327
wfh,1200,t60_s,800,2,933.0,0.777,478.8,71.0,383.2,344.4,0.9239,0.8823,288,327
wfh,1200,t60_s,1200,0,1399.5,1.166,526.9,872.6,0.0,0.0,0.3765,0.3765,184,490
wfh,1200,t60_s,1200,1,1399.5,1.166,526.9,558.6,314.0,282.6,0.6008,0.5784,283,490
wfh,1200,t60_s,1200,2,1399.5,1.166,526.9,368.7,503.9,452.9,0.7365,0.7001,343,490
wfh,1200,t60_s,1600,0,1866.0,1.555,557.0,1308.9,0.0,0.0,0.2985,0.2985,195,653
wfh,1200,t60_s,1600,1,1866.0,1.555,557.0,973.0,335.9,302.3,0.4785,0.4605,301,653
wfh,1200,t60_s,1600,2,1866.0,1.555,557.0,767.1,541.8,487.1,0.5889,0.5596,365,653
wfh,1200,t90_sw,400,0,313.0,0.261,276.0,37.0,0.0,0.0,0.8819,0.8819,97,110
wfh,1200,t90_sw,400,1,313.0,0.261,276.0,0.6,36.3,32.7,0.9980,0.9864,108,110
wfh,1200,t90_sw,400,2,313.0,0.261,276.0,0.0,37.0,33.3,1.0000,0.9882,108,110
wfh,1200,t90_sw,800,0,625.9,0.522,410.0,215.9,0.0,0.0,0.6550,0.6550,143,219
wfh,1200,t90_sw,800,1,625.9,0.522,410.0,47.1,168.8,151.9,0.9247,0.8977,197,219
wfh,1200,t90_sw,800,2,625.9,0.522,410.0,7.0,208.9,187.8,0.9888,0.9551,209,219
wfh,1200,t90_sw,1200,0,938.9,0.782,479.2,459.6,0.0,0.0,0.5104,0.5104,168,329
wfh,1200,t90_sw,1200,1,938.9,0.782,479.2,205.3,254.3,228.9,0.7813,0.7542,248,329
wfh,1200,t90_sw,1200,2,938.9,0.782,479.2,80.3,379.4,340.9,0.9145,0.8735,287,329
wfh,1200,t90_sw,1600,0,1251.8,1.043,524.5,727.3,0.0,0.0,0.4190,0.4190,184,438
wfh,1200,t90_sw,1600,1,1251.8,1.043,524.5,425.1,302.2,272.0,0.6604,0.6362,279,438
wfh,1200,t90_sw,1600,2,1251.8,1.043,524.5,259.9,467.4,420.1,0.7924,0.7546,331,438
wfh,1200,t90_e,400,0,240.9,0.201,188.2,52.7,0.0,0.0,0.7812,0.7812,66,84
wfh,1200,t90_e,400,1,240.9,0.201,188.2,0.0,52.7,47.4,1.0000,0.9781,82,84
wfh,1200,t90_e,400,2,240.9,0.201,188.2,0.0,52.7,47.4,1.0000,0.9781,82,84
wfh,1200,t90_e,800,0,481.8,0.402,280.0,201.9,0.0,0.0,0.5810,0.5810,98,169
wfh,1200,t90_e,800,1,481.8,0.402,280.0,14.8,187.1,168.4,0.9694,0.9305,157,169
wfh,1200,t90_e,800,2,481.8,0.402,280.0,0.6,201.3,181.2,0.9987,0.9569,161,169
wfh,1200,t90_e,1200,0,722.8,0.602,340.7,382.1,0.0,0.0,0.4713,0.4713,119,253
wfh,1200,t90_e,1200,1,722.8,0.602,340.7,129.4,252.8,227.5,0.8210,0.7860,199,253
wfh,1200,t90_e,1200,2,722.8,0.602,340.7,18.9,363.2,326.9,0.9738,0.9236,234,253
wfh,1200,t90_e,1600,0,963.7,0.803,390.5,573.2,0.0,0.0,0.4052,0.4052,137,337
wfh,1200,t90_e,1600,1,963.7,0.803,390.5,292.7,280.4,252.4,0.6963,0.6672,225,337
wfh,1200,t90_e,1600,2,963.7,0.803,390.5,116.9,456.3,410.6,0.8787,0.8313,280,337
wfh,1200,t90_w,400,0,229.7,0.191,216.7,13.0,0.0,0.0,0.9436,0.9436,76,80
wfh,1200,t90_w,400,1,229.7,0.191,216.7,0.0,13.0,11.7,1.0000,0.9944,80,80
wfh,1200,t90_w,400,2,229.7,0.191,216.7,0.0,13.0,11.7,1.0000,0.9944,80,80
wfh,1200,t90_w,800,0,459.3,0.383,345.9,113.4,0.0,0.0,0.7530,0.7530,121,161
wfh,1200,t90_w,800,1,459.3,0.383,345.9,3.7,109.7,98.7,0.9919,0.9680,156,161
wfh,1200,t90_w,800,2,459.3,0.383,345.9,0.1,113.3,102.0,0.9998,0.9751,157,161
wfh,1200,t90_w,1200,0,689.0,0.574,421.4,267.6,0.0,0.0,0.6117,0.6117,148,241
wfh,1200,t90_w,1200,1,689.0,0.574,421.4,53.7,213.8,192.4,0.9220,0.8910,215,241
wfh,1200,t90_w,1200,2,689.0,0.574,421.4,7.3,260.2,234.2,0.9894,0.9516,229,241
wfh,1200,t90_w,1600,0,918.7,0.766,475.6,443.1,0.0,0.0,0.5177,0.5177,166,322
wfh,1200,t90_w,1600,1,918.7,0.766,475.6,175.2,267.9,241.1,0.8093,0.7801,251,322
wfh,1200,t90_w,1600,2,918.7,0.766,475.6,68.4,374.7,337.2,0.9256,0.8848,284,322
wfh,1700,t90_s,400,0,336.5,0.198,312.4,24.1,0.0,0.0,0.9283,0.9283,109,118
wfh,1700,t90_s,400,1,336.5,0.198,312.4,0.5,23.7,21.3,0.9986,0.9916,117,118
wfh,1700,t90_s,400,2,336.5,0.198,312.4,0.0,24.1,21.7,1.0000,0.9928,117,118
wfh,1700,t90_s,800,0,673.0,0.396,474.4,198.6,0.0,0.0,0.7049,0.7049,166,236
wfh,1700,t90_s,800,1,673.0,0.396,474.4,64.0,134.6,121.2,0.9049,0.8849,208,236
wfh,1700,t90_s,800,2,673.0,0.396,474.4,13.0,185.6,167.1,0.9807,0.9531,225,236
wfh,1700,t90_s,1200,0,1009.5,0.594,566.3,443.3,0.0,0.0,0.5609,0.5609,198,353
wfh,1700,t90_s,1200,1,1009.5,0.594,566.3,239.1,204.2,183.8,0.7632,0.7429,263,353
wfh,1700,t90_s,1200,2,1009.5,0.594,566.3,121.5,321.8,289.6,0.8797,0.8478,300,353
wfh,1700,t90_s,1600,0,1346.0,0.792,625.1,721.0,0.0,0.0,0.4644,0.4644,219,471
wfh,1700,t90_s,1600,1,1346.0,0.792,625.1,463.4,257.6,231.9,0.6558,0.6366,300,471
wfh,1700,t90_s,1600,2,1346.0,0.792,625.1,301.8,419.2,377.2,0.7758,0.7446,351,471
wfh,1700,t35_s,400,0,518.1,0.305,465.2,52.9,0.0,0.0,0.8978,0.8978,163,181
wfh,1700,t35_s,400,1,518.1,0.305,465.2,0.3,52.6,47.3,0.9994,0.9892,179,181
wfh,1700,t35_s,400,2,518.1,0.305,465.2,0.0,52.9,47.6,1.0000,0.9898,179,181
wfh,1700,t35_s,800,0,1036.2,0.610,634.2,402.0,0.0,0.0,0.6120,0.6120,222,363
wfh,1700,t35_s,800,1,1036.2,0.610,634.2,150.6,251.4,226.3,0.8547,0.8304,301,363
wfh,1700,t35_s,800,2,1036.2,0.610,634.2,28.2,373.8,336.4,0.9728,0.9367,340,363
wfh,1700,t35_s,1200,0,1554.3,0.914,707.4,846.9,0.0,0.0,0.4551,0.4551,248,544
wfh,1700,t35_s,1200,1,1554.3,0.914,707.4,535.5,311.4,280.2,0.6555,0.6354,346,544
wfh,1700,t35_s,1200,2,1554.3,0.914,707.4,298.4,548.5,493.6,0.8080,0.7727,420,544
wfh,1700,t35_s,1600,0,2072.4,1.219,751.8,1320.6,0.0,0.0,0.3628,0.3628,263,725
wfh,1700,t35_s,1600,1,2072.4,1.219,751.8,984.9,335.7,302.2,0.5248,0.5086,369,725
wfh,1700,t35_s,1600,2,2072.4,1.219,751.8,708.3,612.3,551.1,0.6582,0.6287,456,725
wfh,1700,t60_s,400,0,466.5,0.274,418.9,47.6,0.0,0.0,0.8980,0.8980,147,163
wfh,1700,t60_s,400,1,466.5,0.274,418.9,0.9,46.7,42.0,0.9981,0.9881,161,163
wfh,1700,t60_s,400,2,466.5,0.274,418.9,0.0,47.6,42.8,1.0000,0.9898,162,163
wfh,1700,t60_s,800,0,933.0,0.549,586.2,346.8,0.0,0.0,0.6283,0.6283,205,327
wfh,1700,t60_s,800,1,933.0,0.549,586.2,125.4,221.4,199.3,0.8656,0.8419,275,327
wfh,1700,t60_s,800,2,933.0,0.549,586.2,27.7,319.2,287.2,0.9703,0.9361,306,327
wfh,1700,t60_s,1200,0,1399.5,0.823,658.5,741.0,0.0,0.0,0.4705,0.4705,230,490
wfh,1700,t60_s,1200,1,1399.5,0.823,658.5,444.4,296.6,266.9,0.6824,0.6612,324,490
wfh,1700,t60_s,1200,2,1399.5,0.823,658.5,235.2,505.8,455.2,0.8319,0.7958,390,490
wfh,1700,t60_s,1600,0,1866.0,1.098,703.4,1162.6,0.0,0.0,0.3770,0.3770,246,653
wfh,1700,t60_s,1600,1,1866.0,1.098,703.4,838.2,324.4,291.9,0.5508,0.5334,348,653
wfh,1700,t60_s,1600,2,1866.0,1.098,703.4,573.5,589.1,530.2,0.6927,0.6611,432,653
wfh,1700,t90_sw,400,0,313.0,0.184,296.0,16.9,0.0,0.0,0.9458,0.9458,104,110
wfh,1700,t90_sw,400,1,313.0,0.184,296.0,0.0,16.9,15.3,1.0000,0.9946,109,110
wfh,1700,t90_sw,400,2,313.0,0.184,296.0,0.0,16.9,15.3,1.0000,0.9946,109,110
wfh,1700,t90_sw,800,0,625.9,0.368,473.6,152.3,0.0,0.0,0.7566,0.7566,166,219
wfh,1700,t90_sw,800,1,625.9,0.368,473.6,25.5,126.8,114.1,0.9592,0.9390,206,219
wfh,1700,t90_sw,800,2,625.9,0.368,473.6,2.8,149.5,134.6,0.9955,0.9716,213,219
wfh,1700,t90_sw,1200,0,938.9,0.552,574.1,364.8,0.0,0.0,0.6115,0.6115,201,329
wfh,1700,t90_sw,1200,1,938.9,0.552,574.1,149.3,215.4,193.9,0.8409,0.8180,269,329
wfh,1700,t90_sw,1200,2,938.9,0.552,574.1,45.1,319.7,287.7,0.9520,0.9179,302,329
wfh,1700,t90_sw,1600,0,1251.8,0.736,639.5,612.3,0.0,0.0,0.5109,0.5109,224,438
wfh,1700,t90_sw,1600,1,1251.8,0.736,639.5,339.9,272.4,245.2,0.7285,0.7067,310,438
wfh,1700,t90_sw,1600,2,1251.8,0.736,639.5,169.7,442.6,398.3,0.8644,0.8291,363,438
wfh,1700,t90_e,400,0,240.9,0.142,215.1,25.9,0.0,0.0,0.8926,0.8926,75,84
wfh,1700,t90_e,400,1,240.9,0.142,215.1,0.0,25.9,23.3,1.0000,0.9893,83,84
wfh,1700,t90_e,400,2,240.9,0.142,215.1,0.0,25.9,23.3,1.0000,0.9893,83,84
wfh,1700,t90_e,800,0,481.8,0.283,330.2,151.7,0.0,0.0,0.6852,0.6852,116,169
wfh,1700,t90_e,800,1,481.8,0.283,330.2,4.5,147.2,132.5,0.9907,0.9601,162,169
wfh,1700,t90_e,800,2,481.8,0.283,330.2,0.0,151.7,136.5,1.0000,0.9685,163,169
wfh,1700,t90_e,1200,0,722.8,0.425,405.7,317.1,0.0,0.0,0.5613,0.5613,142,253
wfh,1700,t90_e,1200,1,722.8,0.425,405.7,85.4,231.6,208.5,0.8818,0.8497,215,253
wfh,1700,t90_e,1200,2,722.8,0.425,405.7,4.7,312.4,281.1,0.9935,0.9502,240,253
wfh,1700,t90_e,1600,0,963.7,0.567,465.0,498.7,0.0,0.0,0.4825,0.4825,163,337
wfh,1700,t90_e,1600,1,963.7,0.567,465.0,231.9,266.8,240.1,0.7593,0.7316,247,337
wfh,1700,t90_e,1600,2,963.7,0.567,465.0,63.4,435.4,391.8,0.9343,0.8891,300,337
wfh,1700,t90_w,400,0,229.7,0.135,225.5,4.2,0.0,0.0,0.9817,0.9817,79,80
wfh,1700,t90_w,400,1,229.7,0.135,225.5,0.0,4.2,3.8,1.0000,0.9982,80,80
wfh,1700,t90_w,400,2,229.7,0.135,225.5,0.0,4.2,3.8,1.0000,0.9982,80,80
wfh,1700,t90_w,800,0,459.3,0.270,392.7,66.7,0.0,0.0,0.8549,0.8549,137,161
wfh,1700,t90_w,800,1,459.3,0.270,392.7,1.2,65.5,58.9,0.9974,0.9832,158,161
wfh,1700,t90_w,800,2,459.3,0.270,392.7,0.0,66.7,60.0,1.0000,0.9855,158,161
wfh,1700,t90_w,1200,0,689.0,0.405,493.8,195.2,0.0,0.0,0.7166,0.7166,173,241
wfh,1700,t90_w,1200,1,689.0,0.405,493.8,27.2,168.0,151.2,0.9605,0.9361,226,241
wfh,1700,t90_w,1200,2,689.0,0.405,493.8,1.8,193.4,174.1,0.9974,0.9693,234,241
wfh,1700,t90_w,1600,0,918.7,0.540,567.6,351.1,0.0,0.0,0.6178,0.6178,199,322
wfh,1700,t90_w,1600,1,918.7,0.540,567.6,111.7,239.4,215.4,0.8784,0.8523,274,322
wfh,1700,t90_w,1600,2,918.7,0.540,567.6,21.2,330.0,297.0,0.9770,0.9411,303,322
wfh,2400,t90_s,400,0,336.5,0.140,329.0,7.5,0.0,0.0,0.9777,0.9777,115,118
wfh,2400,t90_s,400,1,336.5,0.140,329.0,0.0,7.5,6.7,1.0000,0.9978,118,118
wfh,2400,t90_s,400,2,336.5,0.140,329.0,0.0,7.5,6.7,1.0000,0.9978,118,118
wfh,2400,t90_s,800,0,673.0,0.280,544.4,128.6,0.0,0.0,0.8090,0.8090,191,236
wfh,2400,t90_s,800,1,673.0,0.280,544.4,29.5,99.0,89.1,0.9561,0.9414,222,236
wfh,2400,t90_s,800,2,673.0,0.280,544.4,3.8,124.8,112.3,0.9944,0.9758,230,236
wfh,2400,t90_s,1200,0,1009.5,0.421,670.2,339.4,0.0,0.0,0.6638,0.6638,235,353
wfh,2400,t90_s,1200,1,1009.5,0.421,670.2,170.1,169.3,152.4,0.8316,0.8148,288,353
wfh,2400,t90_s,1200,2,1009.5,0.421,670.2,75.3,264.0,237.6,0.9254,0.8992,318,353
wfh,2400,t90_s,1600,0,1346.0,0.561,755.8,590.2,0.0,0.0,0.5615,0.5615,265,471
wfh,2400,t90_s,1600,1,1346.0,0.561,755.8,369.4,220.8,198.7,0.7255,0.7091,334,471
wfh,2400,t90_s,1600,2,1346.0,0.561,755.8,230.4,359.8,323.8,0.8288,0.8021,378,471
wfh,2400,t35_s,400,0,518.1,0.216,502.4,15.7,0.0,0.0,0.9696,0.9696,176,181
wfh,2400,t35_s,400,1,518.1,0.216,502.4,0.0,15.7,14.2,1.0000,0.9970,181,181
wfh,2400,t35_s,400,2,518.1,0.216,502.4,0.0,15.7,14.2,1.0000,0.9970,181,181
wfh,2400,t35_s,800,0,1036.2,0.432,767.2,269.0,0.0,0.0,0.7404,0.7404,269,363
wfh,2400,t35_s,800,1,1036.2,0.432,767.2,68.9,200.2,180.1,0.9335,0.9142,332,363
wfh,2400,t35_s,800,2,1036.2,0.432,767.2,6.9,262.2,235.9,0.9934,0.9681,351,363
wfh,2400,t35_s,1200,0,1554.3,0.648,879.8,674.5,0.0,0.0,0.5660,0.5660,308,544
wfh,2400,t35_s,1200,1,1554.3,0.648,879.8,385.2,289.4,260.4,0.7522,0.7336,399,544
wfh,2400,t35_s,1200,2,1554.3,0.648,879.8,181.2,493.3,444.0,0.8834,0.8517,463,544
wfh,2400,t35_s,1600,0,2072.4,0.864,948.9,1123.5,0.0,0.0,0.4579,0.4579,332,725
wfh,2400,t35_s,1600,1,2072.4,0.864,948.9,802.7,320.7,288.7,0.6127,0.5972,433,725
wfh,2400,t35_s,1600,2,2072.4,0.864,948.9,537.2,586.3,527.6,0.7408,0.7125,517,725
wfh,2400,t60_s,400,0,466.5,0.194,451.8,14.7,0.0,0.0,0.9685,0.9685,158,163
wfh,2400,t60_s,400,1,466.5,0.194,451.8,0.0,14.7,13.2,1.0000,0.9969,163,163
wfh,2400,t60_s,400,2,466.5,0.194,451.8,0.0,14.7,13.2,1.0000,0.9969,163,163
wfh,2400,t60_s,800,0,933.0,0.389,699.8,233.2,0.0,0.0,0.7500,0.7500,245,327
wfh,2400,t60_s,800,1,933.0,0.389,699.8,65.1,168.1,151.3,0.9302,0.9122,298,327
wfh,2400,t60_s,800,2,933.0,0.389,699.8,8.3,224.9,202.4,0.9911,0.9670,316,327
wfh,2400,t60_s,1200,0,1399.5,0.583,814.0,585.5,0.0,0.0,0.5816,0.5816,285,490
wfh,2400,t60_s,1200,1,1399.5,0.583,814.0,319.5,266.0,239.4,0.7717,0.7527,369,490
wfh,2400,t60_s,1200,2,1399.5,0.583,814.0,153.9,431.6,388.4,0.8900,0.8592,421,490
wfh,2400,t60_s,1600,0,1866.0,0.777,881.7,984.3,0.0,0.0,0.4725,0.4725,309,653
wfh,2400,t60_s,1600,1,1866.0,0.777,881.7,676.2,308.0,277.2,0.6376,0.6211,406,653
wfh,2400,t60_s,1600,2,1866.0,0.777,881.7,438.2,546.1,491.5,0.7652,0.7359,481,653
wfh,2400,t90_sw,400,0,313.0,0.130,307.9,5.0,0.0,0.0,0.9839,0.9839,108,110
wfh,2400,t90_sw,400,1,313.0,0.130,307.9,0.0,5.0,4.5,1.0000,0.9984,109,110
wfh,2400,t90_sw,400,2,313.0,0.130,307.9,0.0,5.0,4.5,1.0000,0.9984,109,110
wfh,2400,t90_sw,800,0,625.9,0.261,531.9,94.0,0.0,0.0,0.8498,0.8498,186,219
wfh,2400,t90_sw,800,1,625.9,0.261,531.9,10.0,84.1,75.7,0.9841,0.9707,213,219
wfh,2400,t90_sw,800,2,625.9,0.261,531.9,0.6,93.4,84.0,0.9990,0.9840,216,219
wfh,2400,t90_sw,1200,0,938.9,0.391,671.0,267.8,0.0,0.0,0.7147,0.7147,235,329
wfh,2400,t90_sw,1200,1,938.9,0.391,671.0,95.0,172.8,155.5,0.8988,0.8804,289,329
wfh,2400,t90_sw,1200,2,938.9,0.391,671.0,22.3,245.5,221.0,0.9762,0.9501,312,329
wfh,2400,t90_sw,1600,0,1251.8,0.522,766.5,485.3,0.0,0.0,0.6123,0.6123,268,438
wfh,2400,t90_sw,1600,1,1251.8,0.522,766.5,252.8,232.5,209.2,0.7980,0.7795,342,438
wfh,2400,t90_sw,1600,2,1251.8,0.522,766.5,116.0,369.3,332.4,0.9074,0.8779,385,438
wfh,2400,t90_e,400,0,240.9,0.100,235.2,5.7,0.0,0.0,0.9764,0.9764,82,84
wfh,2400,t90_e,400,1,240.9,0.100,235.2,0.0,5.7,5.1,1.0000,0.9976,84,84
wfh,2400,t90_e,400,2,240.9,0.100,235.2,0.0,5.7,5.1,1.0000,0.9976,84,84
wfh,2400,t90_e,800,0,481.8,0.201,385.8,96.0,0.0,0.0,0.8007,0.8007,135,169
wfh,2400,t90_e,800,1,481.8,0.201,385.8,0.6,95.4,85.9,0.9987,0.9789,165,169
wfh,2400,t90_e,800,2,481.8,0.201,385.8,0.0,96.0,86.4,1.0000,0.9801,165,169
wfh,2400,t90_e,1200,0,722.8,0.301,480.8,241.9,0.0,0.0,0.6653,0.6653,168,253
wfh,2400,t90_e,1200,1,722.8,0.301,480.8,41.7,200.2,180.2,0.9423,0.9146,231,253
wfh,2400,t90_e,1200,2,722.8,0.301,480.8,1.5,240.5,216.4,0.9979,0.9647,244,253
wfh,2400,t90_e,1600,0,963.7,0.402,553.4,410.3,0.0,0.0,0.5743,0.5743,194,337
wfh,2400,t90_e,1600,1,963.7,0.402,553.4,163.1,247.2,222.5,0.8308,0.8051,272,337
wfh,2400,t90_e,1600,2,963.7,0.402,553.4,30.2,380.1,342.1,0.9687,0.9292,313,337
wfh,2400,t90_w,400,0,229.7,0.096,229.1,0.5,0.0,0.0,0.9977,0.9977,80,80
wfh,2400,t90_w,400,1,229.7,0.096,229.1,0.0,0.5,0.5,1.0000,0.9998,80,80
wfh,2400,t90_w,400,2,229.7,0.096,229.1,0.0,0.5,0.5,1.0000,0.9998,80,80
wfh,2400,t90_w,800,0,459.3,0.191,428.9,30.4,0.0,0.0,0.9338,0.9338,150,161
wfh,2400,t90_w,800,1,459.3,0.191,428.9,0.1,30.3,27.3,0.9998,0.9932,160,161
wfh,2400,t90_w,800,2,459.3,0.191,428.9,0.0,30.4,27.4,1.0000,0.9934,160,161
wfh,2400,t90_w,1200,0,689.0,0.287,566.8,122.2,0.0,0.0,0.8227,0.8227,198,241
wfh,2400,t90_w,1200,1,689.0,0.287,566.8,9.9,112.3,101.0,0.9856,0.9693,234,241
wfh,2400,t90_w,1200,2,689.0,0.287,566.8,0.5,121.6,109.5,0.9992,0.9816,237,241
wfh,2400,t90_w,1600,0,918.7,0.383,663.9,254.7,0.0,0.0,0.7227,0.7227,232,322
wfh,2400,t90_w,1600,1,918.7,0.383,663.9,59.7,195.0,175.5,0.9350,0.9138,294,322
wfh,2400,t90_w,1600,2,918.7,0.383,663.9,8.1,246.6,221.9,0.9911,0.9643,310,322
wfh,3400,t90_s,400,0,336.5,0.099,335.9,0.6,0.0,0.0,0.9981,0.9981,118,118
wfh,3400,t90_s,400,1,336.5,0.099,335.9,0.0,0.6,0.6,1.0000,0.9998,118,118
wfh,3400,t90_s,400,2,336.5,0.099,335.9,0.0,0.6,0.6,1.0000,0.9998,118,118
wfh,3400,t90_s,800,0,673.0,0.198,612.1,60.9,0.0,0.0,0.9095,0.9095,214,236
wfh,3400,t90_s,800,1,673.0,0.198,612.1,8.3,52.6,47.4,0.9877,0.9799,231,236
wfh,3400,t90_s,800,2,673.0,0.198,612.1,0.3,60.6,54.5,0.9995,0.9905,233,236
wfh,3400,t90_s,1200,0,1009.5,0.297,779.1,230.5,0.0,0.0,0.7717,0.7717,273,353
wfh,3400,t90_s,1200,1,1009.5,0.297,779.1,98.4,132.1,118.9,0.9025,0.8895,314,353
wfh,3400,t90_s,1200,2,1009.5,0.297,779.1,31.8,198.7,178.8,0.9685,0.9488,335,353
wfh,3400,t90_s,1600,0,1346.0,0.396,899.7,446.3,0.0,0.0,0.6684,0.6684,315,471
wfh,3400,t90_s,1600,1,1346.0,0.396,899.7,265.1,181.2,163.1,0.8030,0.7896,372,471
wfh,3400,t90_s,1600,2,1346.0,0.396,899.7,151.4,294.9,265.4,0.8875,0.8656,408,471
wfh,3400,t35_s,400,0,518.1,0.152,516.8,1.3,0.0,0.0,0.9976,0.9976,181,181
wfh,3400,t35_s,400,1,518.1,0.152,516.8,0.0,1.3,1.1,1.0000,0.9998,181,181
wfh,3400,t35_s,400,2,518.1,0.152,516.8,0.0,1.3,1.1,1.0000,0.9998,181,181
wfh,3400,t35_s,800,0,1036.2,0.305,897.9,138.3,0.0,0.0,0.8665,0.8665,314,363
wfh,3400,t35_s,800,1,1036.2,0.305,897.9,17.6,120.7,108.6,0.9830,0.9714,352,363
wfh,3400,t35_s,800,2,1036.2,0.305,897.9,0.3,138.0,124.2,0.9997,0.9864,358,363
wfh,3400,t35_s,1200,0,1554.3,0.457,1080.9,473.4,0.0,0.0,0.6954,0.6954,378,544
wfh,3400,t35_s,1200,1,1554.3,0.457,1080.9,225.9,247.5,222.8,0.8547,0.8387,456,544
wfh,3400,t35_s,1200,2,1554.3,0.457,1080.9,77.4,396.0,356.4,0.9502,0.9247,503,544
wfh,3400,t35_s,1600,0,2072.4,0.610,1188.4,884.0,0.0,0.0,0.5735,0.5735,416,725
wfh,3400,t35_s,1600,1,2072.4,0.610,1188.4,584.3,299.7,269.8,0.7181,0.7036,510,725
wfh,3400,t35_s,1600,2,2072.4,0.610,1188.4,355.0,529.0,476.1,0.8287,0.8032,583,725
wfh,3400,t60_s,400,0,466.5,0.137,465.1,1.4,0.0,0.0,0.9970,0.9970,163,163
wfh,3400,t60_s,400,1,466.5,0.137,465.1,0.0,1.4,1.2,1.0000,0.9997,163,163
wfh,3400,t60_s,400,2,466.5,0.137,465.1,0.0,1.4,1.2,1.0000,0.9997,163,163
wfh,3400,t60_s,800,0,933.0,0.274,809.5,123.5,0.0,0.0,0.8677,0.8677,283,327
wfh,3400,t60_s,800,1,933.0,0.274,809.5,17.7,105.8,95.2,0.9810,0.9697,317,327
wfh,3400,t60_s,800,2,933.0,0.274,809.5,1.0,122.5,110.2,0.9990,0.9858,322,327
wfh,3400,t60_s,1200,0,1399.5,0.412,989.0,410.5,0.0,0.0,0.7067,0.7067,346,490
wfh,3400,t60_s,1200,1,1399.5,0.412,989.0,193.6,216.8,195.1,0.8616,0.8462,414,490
wfh,3400,t60_s,1200,2,1399.5,0.412,989.0,76.1,334.4,300.9,0.9456,0.9218,451,490
wfh,3400,t60_s,1600,0,1866.0,0.549,1097.1,768.9,0.0,0.0,0.5880,0.5880,384,653
wfh,3400,t60_s,1600,1,1866.0,0.549,1097.1,490.6,278.2,250.4,0.7371,0.7221,472,653
wfh,3400,t60_s,1600,2,1866.0,0.549,1097.1,292.9,475.9,428.3,0.8430,0.8175,534,653
wfh,3400,t90_sw,400,0,313.0,0.092,312.5,0.4,0.0,0.0,0.9987,0.9987,109,110
wfh,3400,t90_sw,400,1,313.0,0.092,312.5,0.0,0.4,0.4,1.0000,0.9999,110,110
wfh,3400,t90_sw,400,2,313.0,0.092,312.5,0.0,0.4,0.4,1.0000,0.9999,110,110
wfh,3400,t90_sw,800,0,625.9,0.184,583.0,42.9,0.0,0.0,0.9314,0.9314,204,219
wfh,3400,t90_sw,800,1,625.9,0.184,583.0,2.4,40.6,36.5,0.9962,0.9897,217,219
wfh,3400,t90_sw,800,2,625.9,0.184,583.0,0.0,42.9,38.7,1.0000,0.9931,218,219
wfh,3400,t90_sw,1200,0,938.9,0.276,765.7,173.2,0.0,0.0,0.8155,0.8155,268,329
wfh,3400,t90_sw,1200,1,938.9,0.276,765.7,44.7,128.5,115.6,0.9524,0.9387,308,329
wfh,3400,t90_sw,1200,2,938.9,0.276,765.7,8.0,165.2,148.7,0.9915,0.9739,320,329
wfh,3400,t90_sw,1600,0,1251.8,0.368,899.0,352.9,0.0,0.0,0.7181,0.7181,315,438
wfh,3400,t90_sw,1600,1,1251.8,0.368,899.0,165.9,187.0,168.3,0.8675,0.8526,374,438
wfh,3400,t90_sw,1600,2,1251.8,0.368,899.0,62.9,290.0,261.0,0.9498,0.9266,406,438
wfh,3400,t90_e,400,0,240.9,0.071,240.7,0.2,0.0,0.0,0.9990,0.9990,84,84
wfh,3400,t90_e,400,1,240.9,0.071,240.7,0.0,0.2,0.2,1.0000,0.9999,84,84
wfh,3400,t90_e,400,2,240.9,0.071,240.7,0.0,0.2,0.2,1.0000,0.9999,84,84
wfh,3400,t90_e,800,0,481.8,0.142,439.5,42.4,0.0,0.0,0.9120,0.9120,154,169
wfh,3400,t90_e,800,1,481.8,0.142,439.5,0.0,42.4,38.2,1.0000,0.9912,167,169
wfh,3400,t90_e,800,2,481.8,0.142,439.5,0.0,42.4,38.2,1.0000,0.9912,167,169
wfh,3400,t90_e,1200,0,722.8,0.213,566.2,156.6,0.0,0.0,0.7833,0.7833,198,253
wfh,3400,t90_e,1200,1,722.8,0.213,566.2,10.7,145.9,131.3,0.9852,0.9650,244,253
wfh,3400,t90_e,1200,2,722.8,0.213,566.2,0.1,156.6,140.9,0.9999,0.9783,247,253
wfh,3400,t90_e,1600,0,963.7,0.283,658.9,304.8,0.0,0.0,0.6837,0.6837,231,337
wfh,3400,t90_e,1600,1,963.7,0.283,658.9,88.2,216.6,195.0,0.9085,0.8860,299,337
wfh,3400,t90_e,1600,2,963.7,0.283,658.9,8.3,296.5,266.9,0.9914,0.9606,324,337
wfh,3400,t90_w,400,0,229.7,0.068,229.7,0.0,0.0,0.0,1.0000,1.0000,80,80
wfh,3400,t90_w,400,1,229.7,0.068,229.7,0.0,0.0,0.0,1.0000,1.0000,80,80
wfh,3400,t90_w,400,2,229.7,0.068,229.7,0.0,0.0,0.0,1.0000,1.0000,80,80
wfh,3400,t90_w,800,0,459.3,0.135,451.8,7.5,0.0,0.0,0.9836,0.9836,158,161
wfh,3400,t90_w,800,1,459.3,0.135,451.8,0.0,7.5,6.8,1.0000,0.9984,161,161
wfh,3400,t90_w,800,2,459.3,0.135,451.8,0.0,7.5,6.8,1.0000,0.9984,161,161
wfh,3400,t90_w,1200,0,689.0,0.203,628.2,60.8,0.0,0.0,0.9118,0.9118,220,241
wfh,3400,t90_w,1200,1,689.0,0.203,628.2,1.7,59.1,53.2,0.9975,0.9889,238,241
wfh,3400,t90_w,1200,2,689.0,0.203,628.2,0.0,60.8,54.7,1.0000,0.9912,239,241
wfh,3400,t90_w,1600,0,918.7,0.270,762.3,156.3,0.0,0.0,0.8298,0.8298,267,322
wfh,3400,t90_w,1600,1,918.7,0.270,762.3,23.6,132.7,119.4,0.9743,0.9598,309,322
wfh,3400,t90_w,1600,2,918.7,0.270,762.3,2.2,154.2,138.8,0.9977,0.9809,315,322
wfh,4200,t90_s,400,0,336.5,0.080,336.5,0.0,0.0,0.0,1.0000,1.0000,118,118
wfh,4200,t90_s,400,1,336.5,0.080,336.5,0.0,0.0,0.0,1.0000,1.0000,118,118
wfh,4200,t90_s,400,2,336.5,0.080,336.5,0.0,0.0,0.0,1.0000,1.0000,118,118
wfh,4200,t90_s,800,0,673.0,0.160,644.4,28.6,0.0,0.0,0.9574,0.9574,226,236
wfh,4200,t90_s,800,1,673.0,0.160,644.4,2.3,26.4,23.7,0.9966,0.9927,234,236
wfh,4200,t90_s,800,2,673.0,0.160,644.4,0.0,28.6,25.8,1.0000,0.9957,235,236
wfh,4200,t90_s,1200,0,1009.5,0.240,846.0,163.6,0.0,0.0,0.8380,0.8380,296,353
wfh,4200,t90_s,1200,1,1009.5,0.240,846.0,57.1,106.5,95.8,0.9435,0.9329,330,353
wfh,4200,t90_s,1200,2,1009.5,0.240,846.0,14.9,148.7,133.8,0.9852,0.9705,343,353
wfh,4200,t90_s,1600,0,1346.0,0.320,989.6,356.4,0.0,0.0,0.7352,0.7352,346,471
wfh,4200,t90_s,1600,1,1346.0,0.320,989.6,198.5,157.9,142.1,0.8525,0.8408,396,471
wfh,4200,t90_s,1600,2,1346.0,0.320,989.6,102.9,253.6,228.2,0.9236,0.9047,426,471
wfh,4200,t35_s,400,0,518.1,0.123,518.1,0.0,0.0,0.0,1.0000,1.0000,181,181
wfh,4200,t35_s,400,1,518.1,0.123,518.1,0.0,0.0,0.0,1.0000,1.0000,181,181
wfh,4200,t35_s,400,2,518.1,0.123,518.1,0.0,0.0,0.0,1.0000,1.0000,181,181
wfh,4200,t35_s,800,0,1036.2,0.247,966.2,70.0,0.0,0.0,0.9324,0.9324,338,363
wfh,4200,t35_s,800,1,1036.2,0.247,966.2,3.0,67.0,60.3,0.9971,0.9907,359,363
wfh,4200,t35_s,800,2,1036.2,0.247,966.2,0.0,70.0,63.0,1.0000,0.9932,360,363
wfh,4200,t35_s,1200,0,1554.3,0.370,1207.5,346.8,0.0,0.0,0.7769,0.7769,423,544
wfh,4200,t35_s,1200,1,1554.3,0.370,1207.5,136.2,210.6,189.6,0.9124,0.8988,489,544
wfh,4200,t35_s,1200,2,1554.3,0.370,1207.5,33.4,313.4,282.1,0.9785,0.9584,521,544
wfh,4200,t35_s,1600,0,2072.4,0.493,1352.9,719.5,0.0,0.0,0.6528,0.6528,474,725
wfh,4200,t35_s,1600,1,2072.4,0.493,1352.9,442.2,277.3,249.6,0.7866,0.7733,561,725
wfh,4200,t35_s,1600,2,2072.4,0.493,1352.9,241.9,477.6,429.9,0.8833,0.8602,624,725
wfh,4200,t60_s,400,0,466.5,0.111,466.5,0.0,0.0,0.0,1.0000,1.0000,163,163
wfh,4200,t60_s,400,1,466.5,0.111,466.5,0.0,0.0,0.0,1.0000,1.0000,163,163
wfh,4200,t60_s,400,2,466.5,0.111,466.5,0.0,0.0,0.0,1.0000,1.0000,163,163
wfh,4200,t60_s,800,0,933.0,0.222,868.0,65.0,0.0,0.0,0.9303,0.9303,304,327
wfh,4200,t60_s,800,1,933.0,0.222,868.0,4.6,60.4,54.4,0.9951,0.9886,323,327
wfh,4200,t60_s,800,2,933.0,0.222,868.0,0.0,65.0,58.5,1.0000,0.9930,324,327
wfh,4200,t60_s,1200,0,1399.5,0.333,1096.0,303.5,0.0,0.0,0.7832,0.7832,384,490
wfh,4200,t60_s,1200,1,1399.5,0.333,1096.0,124.7,178.8,160.9,0.9109,0.8981,440,490
wfh,4200,t60_s,1200,2,1399.5,0.333,1096.0,35.5,268.0,241.2,0.9747,0.9555,468,490
wfh,4200,t60_s,1600,0,1866.0,0.444,1240.7,625.3,0.0,0.0,0.6649,0.6649,434,653
wfh,4200,t60_s,1600,1,1866.0,0.444,1240.7,373.9,251.4,226.3,0.7996,0.7862,513,653
wfh,4200,t60_s,1600,2,1866.0,0.444,1240.7,210.2,415.1,373.6,0.8874,0.8651,565,653
wfh,4200,t90_sw,400,0,313.0,0.075,313.0,0.0,0.0,0.0,1.0000,1.0000,110,110
wfh,4200,t90_sw,400,1,313.0,0.075,313.0,0.0,0.0,0.0,1.0000,1.0000,110,110
wfh,4200,t90_sw,400,2,313.0,0.075,313.0,0.0,0.0,0.0,1.0000,1.0000,110,110
wfh,4200,t90_sw,800,0,625.9,0.149,606.3,19.6,0.0,0.0,0.9687,0.9687,212,219
wfh,4200,t90_sw,800,1,625.9,0.149,606.3,0.4,19.2,17.2,0.9993,0.9962,218,219
wfh,4200,t90_sw,800,2,625.9,0.149,606.3,0.0,19.6,17.6,1.0000,0.9969,218,219
wfh,4200,t90_sw,1200,0,938.9,0.224,818.9,119.9,0.0,0.0,0.8722,0.8722,287,329
wfh,4200,t90_sw,1200,1,938.9,0.224,818.9,21.6,98.3,88.5,0.9770,0.9665,318,329
wfh,4200,t90_sw,1200,2,938.9,0.224,818.9,3.7,116.2,104.6,0.9960,0.9836,323,329
wfh,4200,t90_sw,1600,0,1251.8,0.298,978.0,273.8,0.0,0.0,0.7813,0.7813,342,438
wfh,4200,t90_sw,1600,1,1251.8,0.298,978.0,113.5,160.2,144.2,0.9093,0.8965,393,438
wfh,4200,t90_sw,1600,2,1251.8,0.298,978.0,34.6,239.1,215.2,0.9723,0.9532,418,438
wfh,4200,t90_e,400,0,240.9,0.057,240.9,0.0,0.0,0.0,1.0000,1.0000,84,84
wfh,4200,t90_e,400,1,240.9,0.057,240.9,0.0,0.0,0.0,1.0000,1.0000,84,84
wfh,4200,t90_e,400,2,240.9,0.057,240.9,0.0,0.0,0.0,1.0000,1.0000,84,84
wfh,4200,t90_e,800,0,481.8,0.115,464.2,17.6,0.0,0.0,0.9634,0.9634,162,169
wfh,4200,t90_e,800,1,481.8,0.115,464.2,0.0,17.6,15.9,1.0000,0.9963,168,169
wfh,4200,t90_e,800,2,481.8,0.115,464.2,0.0,17.6,15.9,1.0000,0.9963,168,169
wfh,4200,t90_e,1200,0,722.8,0.172,619.3,103.5,0.0,0.0,0.8568,0.8568,217,253
wfh,4200,t90_e,1200,1,722.8,0.172,619.3,3.0,100.5,90.5,0.9959,0.9820,248,253
wfh,4200,t90_e,1200,2,722.8,0.172,619.3,0.0,103.5,93.1,1.0000,0.9857,249,253
wfh,4200,t90_e,1600,0,963.7,0.229,729.0,234.7,0.0,0.0,0.7564,0.7564,255,337
wfh,4200,t90_e,1600,1,963.7,0.229,729.0,47.9,186.9,168.2,0.9503,0.9310,314,337
wfh,4200,t90_e,1600,2,963.7,0.229,729.0,2.8,231.9,208.7,0.9971,0.9730,328,337
wfh,4200,t90_w,400,0,229.7,0.055,229.7,0.0,0.0,0.0,1.0000,1.0000,80,80
wfh,4200,t90_w,400,1,229.7,0.055,229.7,0.0,0.0,0.0,1.0000,1.0000,80,80
wfh,4200,t90_w,400,2,229.7,0.055,229.7,0.0,0.0,0.0,1.0000,1.0000,80,80
wfh,4200,t90_w,800,0,459.3,0.109,457.2,2.2,0.0,0.0,0.9953,0.9953,160,161
wfh,4200,t90_w,800,1,459.3,0.109,457.2,0.0,2.2,2.0,1.0000,0.9995,161,161
wfh,4200,t90_w,800,2,459.3,0.109,457.2,0.0,2.2,2.0,1.0000,0.9995,161,161
wfh,4200,t90_w,1200,0,689.0,0.164,656.9,32.1,0.0,0.0,0.9534,0.9534,230,241
wfh,4200,t90_w,1200,1,689.0,0.164,656.9,0.4,31.7,28.5,0.9994,0.9948,240,241
wfh,4200,t90_w,1200,2,689.0,0.164,656.9,0.0,32.1,28.9,1.0000,0.9953,240,241
wfh,4200,t90_w,1600,0,918.7,0.219,813.7,105.0,0.0,0.0,0.8857,0.8857,285,322
wfh,4200,t90_w,1600,1,918.7,0.219,813.7,10.3,94.6,85.2,0.9888,0.9784,315,322
wfh,4200,t90_w,1600,2,918.7,0.219,813.7,0.6,104.4,94.0,0.9994,0.9880,318,322
wfh,7000,t90_s,400,0,336.5,0.048,336.5,0.0,0.0,0.0,1.0000,1.0000,118,118
wfh,7000,t90_s,400,1,336.5,0.048,336.5,0.0,0.0,0.0,1.0000,1.0000,118,118
wfh,7000,t90_s,400,2,336.5,0.048,336.5,0.0,0.0,0.0,1.0000,1.0000,118,118
wfh,7000,t90_s,800,0,673.0,0.096,672.6,0.4,0.0,0.0,0.9994,0.9994,235,236
wfh,7000,t90_s,800,1,673.0,0.096,672.6,0.0,0.4,0.4,1.0000,0.9999,236,236
wfh,7000,t90_s,800,2,673.0,0.096,672.6,0.0,0.4,0.4,1.0000,0.9999,236,236
wfh,7000,t90_s,1200,0,1009.5,0.144,979.3,30.3,0.0,0.0,0.9700,0.9700,343,353
wfh,7000,t90_s,1200,1,1009.5,0.144,979.3,4.1,26.2,23.6,0.9960,0.9934,351,353
wfh,7000,t90_s,1200,2,1009.5,0.144,979.3,0.0,30.3,27.2,1.0000,0.9970,352,353
wfh,7000,t90_s,1600,0,1346.0,0.192,1206.0,140.0,0.0,0.0,0.8960,0.8960,422,471
wfh,7000,t90_s,1600,1,1346.0,0.192,1206.0,50.9,89.2,80.3,0.9622,0.9556,450,471
wfh,7000,t90_s,1600,2,1346.0,0.192,1206.0,16.1,123.9,111.5,0.9880,0.9788,461,471
wfh,7000,t35_s,400,0,518.1,0.074,518.1,0.0,0.0,0.0,1.0000,1.0000,181,181
wfh,7000,t35_s,400,1,518.1,0.074,518.1,0.0,0.0,0.0,1.0000,1.0000,181,181
wfh,7000,t35_s,400,2,518.1,0.074,518.1,0.0,0.0,0.0,1.0000,1.0000,181,181
wfh,7000,t35_s,800,0,1036.2,0.148,1035.2,1.0,0.0,0.0,0.9990,0.9990,362,363
wfh,7000,t35_s,800,1,1036.2,0.148,1035.2,0.0,1.0,0.9,1.0000,0.9999,363,363
wfh,7000,t35_s,800,2,1036.2,0.148,1035.2,0.0,1.0,0.9,1.0000,0.9999,363,363
wfh,7000,t35_s,1200,0,1554.3,0.222,1475.6,78.7,0.0,0.0,0.9494,0.9494,516,544
wfh,7000,t35_s,1200,1,1554.3,0.222,1475.6,7.0,71.6,64.5,0.9955,0.9909,539,544
wfh,7000,t35_s,1200,2,1554.3,0.222,1475.6,0.0,78.6,70.8,1.0000,0.9949,541,544
wfh,7000,t35_s,1600,0,2072.4,0.296,1759.2,313.2,0.0,0.0,0.8489,0.8489,616,725
wfh,7000,t35_s,1600,1,2072.4,0.296,1759.2,128.7,184.5,166.0,0.9379,0.9290,674,725
wfh,7000,t35_s,1600,2,2072.4,0.296,1759.2,36.3,276.9,249.2,0.9825,0.9691,703,725
wfh,7000,t60_s,400,0,466.5,0.067,466.5,0.0,0.0,0.0,1.0000,1.0000,163,163
wfh,7000,t60_s,400,1,466.5,0.067,466.5,0.0,0.0,0.0,1.0000,1.0000,163,163
wfh,7000,t60_s,400,2,466.5,0.067,466.5,0.0,0.0,0.0,1.0000,1.0000,163,163
wfh,7000,t60_s,800,0,933.0,0.133,932.0,0.9,0.0,0.0,0.9990,0.9990,326,327
wfh,7000,t60_s,800,1,933.0,0.133,932.0,0.0,0.9,0.8,1.0000,0.9999,327,327
wfh,7000,t60_s,800,2,933.0,0.133,932.0,0.0,0.9,0.8,1.0000,0.9999,327,327
wfh,7000,t60_s,1200,0,1399.5,0.200,1324.4,75.0,0.0,0.0,0.9464,0.9464,464,490
wfh,7000,t60_s,1200,1,1399.5,0.200,1324.4,8.2,66.8,60.1,0.9941,0.9894,485,490
wfh,7000,t60_s,1200,2,1399.5,0.200,1324.4,0.3,74.8,67.3,0.9998,0.9945,487,490
wfh,7000,t60_s,1600,0,1866.0,0.267,1586.7,279.3,0.0,0.0,0.8503,0.8503,555,653
wfh,7000,t60_s,1600,1,1866.0,0.267,1586.7,122.3,157.0,141.3,0.9345,0.9260,605,653
wfh,7000,t60_s,1600,2,1866.0,0.267,1586.7,39.2,240.0,216.0,0.9790,0.9661,631,653
wfh,7000,t90_sw,400,0,313.0,0.045,313.0,0.0,0.0,0.0,1.0000,1.0000,110,110
wfh,7000,t90_sw,400,1,313.0,0.045,313.0,0.0,0.0,0.0,1.0000,1.0000,110,110
wfh,7000,t90_sw,400,2,313.0,0.045,313.0,0.0,0.0,0.0,1.0000,1.0000,110,110
wfh,7000,t90_sw,800,0,625.9,0.089,625.5,0.4,0.0,0.0,0.9993,0.9993,219,219
wfh,7000,t90_sw,800,1,625.9,0.089,625.5,0.0,0.4,0.4,1.0000,0.9999,219,219
wfh,7000,t90_sw,800,2,625.9,0.089,625.5,0.0,0.4,0.4,1.0000,0.9999,219,219
wfh,7000,t90_sw,1200,0,938.9,0.134,918.8,20.0,0.0,0.0,0.9787,0.9787,322,329
wfh,7000,t90_sw,1200,1,938.9,0.134,918.8,1.2,18.8,16.9,0.9987,0.9967,328,329
wfh,7000,t90_sw,1200,2,938.9,0.134,918.8,0.0,20.0,18.0,1.0000,0.9979,328,329
wfh,7000,t90_sw,1600,0,1251.8,0.179,1152.1,99.7,0.0,0.0,0.9204,0.9204,403,438
wfh,7000,t90_sw,1600,1,1251.8,0.179,1152.1,18.5,81.2,73.1,0.9852,0.9787,429,438
wfh,7000,t90_sw,1600,2,1251.8,0.179,1152.1,4.2,95.4,85.9,0.9966,0.9890,433,438
wfh,7000,t90_e,400,0,240.9,0.034,240.9,0.0,0.0,0.0,1.0000,1.0000,84,84
wfh,7000,t90_e,400,1,240.9,0.034,240.9,0.0,0.0,0.0,1.0000,1.0000,84,84
wfh,7000,t90_e,400,2,240.9,0.034,240.9,0.0,0.0,0.0,1.0000,1.0000,84,84
wfh,7000,t90_e,800,0,481.8,0.069,481.6,0.2,0.0,0.0,0.9995,0.9995,169,169
wfh,7000,t90_e,800,1,481.8,0.069,481.6,0.0,0.2,0.2,1.0000,1.0000,169,169
wfh,7000,t90_e,800,2,481.8,0.069,481.6,0.0,0.2,0.2,1.0000,1.0000,169,169
wfh,7000,t90_e,1200,0,722.8,0.103,710.2,12.5,0.0,0.0,0.9827,0.9827,249,253
wfh,7000,t90_e,1200,1,722.8,0.103,710.2,0.0,12.5,11.3,1.0000,0.9983,253,253
wfh,7000,t90_e,1200,2,722.8,0.103,710.2,0.0,12.5,11.3,1.0000,0.9983,253,253
wfh,7000,t90_e,1600,0,963.7,0.138,893.7,70.0,0.0,0.0,0.9274,0.9274,313,337
wfh,7000,t90_e,1600,1,963.7,0.138,893.7,2.4,67.6,60.8,0.9975,0.9905,334,337
wfh,7000,t90_e,1600,2,963.7,0.138,893.7,0.0,70.0,63.0,1.0000,0.9927,335,337
wfh,7000,t90_w,400,0,229.7,0.033,229.7,0.0,0.0,0.0,1.0000,1.0000,80,80
wfh,7000,t90_w,400,1,229.7,0.033,229.7,0.0,0.0,0.0,1.0000,1.0000,80,80
wfh,7000,t90_w,400,2,229.7,0.033,229.7,0.0,0.0,0.0,1.0000,1.0000,80,80
wfh,7000,t90_w,800,0,459.3,0.066,459.3,0.0,0.0,0.0,1.0000,1.0000,161,161
wfh,7000,t90_w,800,1,459.3,0.066,459.3,0.0,0.0,0.0,1.0000,1.0000,161,161
wfh,7000,t90_w,800,2,459.3,0.066,459.3,0.0,0.0,0.0,1.0000,1.0000,161,161
wfh,7000,t90_w,1200,0,689.0,0.098,687.5,1.5,0.0,0.0,0.9979,0.9979,241,241
wfh,7000,t90_w,1200,1,689.0,0.098,687.5,0.0,1.5,1.3,1.0000,0.9998,241,241
wfh,7000,t90_w,1200,2,689.0,0.098,687.5,0.0,1.5,1.3,1.0000,0.9998,241,241
wfh,7000,t90_w,1600,0,918.7,0.131,901.2,17.5,0.0,0.0,0.9810,0.9810,315,322
wfh,7000,t90_w,1600,1,918.7,0.131,901.2,0.2,17.3,15.6,0.9998,0.9979,321,322
wfh,7000,t90_w,1600,2,918.7,0.131,901.2,0.0,17.5,15.7,1.0000,0.9981,321,322
away,1200,t90_s,400,0,336.5,0.280,250.2,86.3,0.0,0.0,0.7434,0.7434,88,118
away,1200,t90_s,400,1,336.5,0.280,250.2,2.6,83.7,75.4,0.9922,0.9674,114,118
away,1200,t90_s,400,2,336.5,0.280,250.2,0.0,86.3,77.7,1.0000,0.9743,115,118
away,1200,t90_s,800,0,673.0,0.561,328.5,344.5,0.0,0.0,0.4881,0.4881,115,236
away,1200,t90_s,800,1,673.0,0.561,328.5,136.5,208.1,187.2,0.7972,0.7663,181,236
away,1200,t90_s,800,2,673.0,0.561,328.5,40.4,304.2,273.6,0.9400,0.8947,211,236
away,1200,t90_s,1200,0,1009.5,0.841,366.7,642.8,0.0,0.0,0.3633,0.3633,128,353
away,1200,t90_s,1200,1,1009.5,0.841,366.7,361.3,281.5,253.4,0.6421,0.6143,217,353
away,1200,t90_s,1200,2,1009.5,0.841,366.7,204.2,438.6,394.6,0.7977,0.7542,266,353
away,1200,t90_s,1600,0,1346.0,1.122,392.5,953.5,0.0,0.0,0.2916,0.2916,137,471
away,1200,t90_s,1600,1,1346.0,1.122,392.5,633.3,320.2,288.2,0.5295,0.5057,238,471
away,1200,t90_s,1600,2,1346.0,1.122,392.5,422.4,531.1,477.9,0.6862,0.6467,305,471
away,1200,t35_s,400,0,518.1,0.432,331.5,186.6,0.0,0.0,0.6398,0.6398,116,181
away,1200,t35_s,400,1,518.1,0.432,331.5,5.2,181.4,163.2,0.9899,0.9549,173,181
away,1200,t35_s,400,2,518.1,0.432,331.5,0.0,186.6,168.0,1.0000,0.9640,175,181
away,1200,t35_s,800,0,1036.2,0.864,396.9,639.3,0.0,0.0,0.3830,0.3830,139,363
away,1200,t35_s,800,1,1036.2,0.864,396.9,334.9,304.5,274.0,0.6768,0.6474,235,363
away,1200,t35_s,800,2,1036.2,0.864,396.9,126.1,513.2,461.8,0.8783,0.8287,301,363
away,1200,t35_s,1200,0,1554.3,1.295,428.1,1126.2,0.0,0.0,0.2754,0.2754,150,544
away,1200,t35_s,1200,1,1554.3,1.295,428.1,791.8,334.4,300.9,0.4905,0.4690,255,544
away,1200,t35_s,1200,2,1554.3,1.295,428.1,533.7,592.6,533.2,0.6567,0.6185,336,544
away,1200,t35_s,1600,0,2072.4,1.727,447.5,1625.0,0.0,0.0,0.2159,0.2159,157,725
away,1200,t35_s,1600,1,2072.4,1.727,447.5,1273.0,352.0,316.8,0.3858,0.3688,267,725
away,1200,t35_s,1600,2,2072.4,1.727,447.5,996.0,629.0,566.0,0.5194,0.4890,355,725
away,1200,t60_s,400,0,466.5,0.389,305.7,160.8,0.0,0.0,0.6554,0.6554,107,163
away,1200,t60_s,400,1,466.5,0.389,305.7,6.3,154.5,139.0,0.9865,0.9534,156,163
away,1200,t60_s,400,2,466.5,0.389,305.7,0.0,160.8,144.7,1.0000,0.9655,158,163
away,1200,t60_s,800,0,933.0,0.777,371.5,561.5,0.0,0.0,0.3982,0.3982,130,327
away,1200,t60_s,800,1,933.0,0.777,371.5,268.4,293.1,263.7,0.7123,0.6809,222,327
away,1200,t60_s,800,2,933.0,0.777,371.5,91.3,470.2,423.1,0.9021,0.8516,278,327
away,1200,t60_s,1200,0,1399.5,1.166,402.8,996.7,0.0,0.0,0.2878,0.2878,141,490
away,1200,t60_s,1200,1,1399.5,1.166,402.8,671.7,324.9,292.4,0.5200,0.4968,243,490
away,1200,t60_s,1200,2,1399.5,1.166,402.8,418.7,578.0,520.1,0.7008,0.6595,323,490
away,1200,t60_s,1600,0,1866.0,1.555,422.0,1443.9,0.0,0.0,0.2262,0.2262,148,653
away,1200,t60_s,1600,1,1866.0,1.555,422.0,1101.8,342.1,307.9,0.4095,0.3912,255,653
away,1200,t60_s,1600,2,1866.0,1.555,422.0,827.0,616.9,555.1,0.5568,0.5237,342,653
away,1200,t90_sw,400,0,313.0,0.261,238.8,74.1,0.0,0.0,0.7631,0.7631,84,110
away,1200,t90_sw,400,1,313.0,0.261,238.8,0.2,73.9,66.5,0.9992,0.9756,107,110
away,1200,t90_sw,400,2,313.0,0.261,238.8,0.0,74.1,66.7,1.0000,0.9763,107,110
away,1200,t90_sw,800,0,625.9,0.522,321.4,304.5,0.0,0.0,0.5135,0.5135,113,219
away,1200,t90_sw,800,1,625.9,0.522,321.4,79.0,225.5,202.9,0.8738,0.8378,184,219
away,1200,t90_sw,800,2,625.9,0.522,321.4,7.9,296.5,266.9,0.9873,0.9399,206,219
away,1200,t90_sw,1200,0,938.9,0.782,370.1,568.7,0.0,0.0,0.3943,0.3943,130,329
away,1200,t90_sw,1200,1,938.9,0.782,370.1,277.6,291.1,262.0,0.7043,0.6733,221,329
away,1200,t90_sw,1200,2,938.9,0.782,370.1,106.4,462.3,416.0,0.8867,0.8373,275,329
away,1200,t90_sw,1600,0,1251.8,1.043,403.1,848.7,0.0,0.0,0.3220,0.3220,141,438
away,1200,t90_sw,1600,1,1251.8,1.043,403.1,527.7,321.0,288.9,0.5785,0.5528,242,438
away,1200,t90_sw,1600,2,1251.8,1.043,403.1,303.6,545.0,490.4,0.7574,0.7138,313,438
away,1200,t90_e,400,0,240.9,0.201,195.4,45.6,0.0,0.0,0.8109,0.8109,68,84
away,1200,t90_e,400,1,240.9,0.201,195.4,0.0,45.6,41.0,1.0000,0.9811,83,84
away,1200,t90_e,400,2,240.9,0.201,195.4,0.0,45.6,41.0,1.0000,0.9811,83,84
away,1200,t90_e,800,0,481.8,0.402,270.7,211.2,0.0,0.0,0.5617,0.5617,95,169
away,1200,t90_e,800,1,481.8,0.402,270.7,15.3,195.9,176.3,0.9682,0.9276,156,169
away,1200,t90_e,800,2,481.8,0.402,270.7,0.0,211.1,190.0,0.9999,0.9561,161,169
away,1200,t90_e,1200,0,722.8,0.602,324.3,398.4,0.0,0.0,0.4487,0.4487,114,253
away,1200,t90_e,1200,1,722.8,0.602,324.3,138.9,259.5,233.6,0.8078,0.7719,195,253
away,1200,t90_e,1200,2,722.8,0.602,324.3,13.8,384.6,346.2,0.9809,0.9276,235,253
away,1200,t90_e,1600,0,963.7,0.803,363.0,600.7,0.0,0.0,0.3766,0.3766,127,337
away,1200,t90_e,1600,1,963.7,0.803,363.0,312.1,288.6,259.7,0.6761,0.6462,218,337
away,1200,t90_e,1600,2,963.7,0.803,363.0,120.1,480.6,432.6,0.8754,0.8255,278,337
away,1200,t90_w,400,0,229.7,0.191,197.2,32.5,0.0,0.0,0.8585,0.8585,69,80
away,1200,t90_w,400,1,229.7,0.191,197.2,0.0,32.5,29.2,1.0000,0.9859,79,80
away,1200,t90_w,400,2,229.7,0.191,197.2,0.0,32.5,29.2,1.0000,0.9859,79,80
away,1200,t90_w,800,0,459.3,0.383,289.4,170.0,0.0,0.0,0.6299,0.6299,101,161
away,1200,t90_w,800,1,459.3,0.383,289.4,6.3,163.7,147.3,0.9863,0.9507,153,161
away,1200,t90_w,800,2,459.3,0.383,289.4,0.0,170.0,153.0,1.0000,0.9630,155,161
away,1200,t90_w,1200,0,689.0,0.574,347.9,341.1,0.0,0.0,0.5050,0.5050,122,241
away,1200,t90_w,1200,1,689.0,0.574,347.9,90.5,250.5,225.5,0.8686,0.8323,201,241
away,1200,t90_w,1200,2,689.0,0.574,347.9,7.8,333.2,299.9,0.9887,0.9403,227,241
away,1200,t90_w,1600,0,918.7,0.766,389.1,529.6,0.0,0.0,0.4235,0.4235,136,322
away,1200,t90_w,1600,1,918.7,0.766,389.1,238.5,291.1,262.0,0.7404,0.7087,228,322
away,1200,t90_w,1600,2,918.7,0.766,389.1,81.3,448.3,403.4,0.9115,0.8627,277,322
away,1700,t90_s,400,0,336.5,0.198,275.9,60.6,0.0,0.0,0.8199,0.8199,97,118
away,1700,t90_s,400,1,336.5,0.198,275.9,1.0,59.6,53.6,0.9970,0.9793,115,118
away,1700,t90_s,400,2,336.5,0.198,275.9,0.0,60.6,54.5,1.0000,0.9820,116,118
away,1700,t90_s,800,0,673.0,0.396,380.3,292.7,0.0,0.0,0.5651,0.5651,133,236
away,1700,t90_s,800,1,673.0,0.396,380.3,106.1,186.6,168.0,0.8424,0.8146,192,236
away,1700,t90_s,800,2,673.0,0.396,380.3,25.0,267.8,241.0,0.9629,0.9231,217,236
away,1700,t90_s,1200,0,1009.5,0.594,433.6,575.9,0.0,0.0,0.4295,0.4295,152,353
away,1700,t90_s,1200,1,1009.5,0.594,433.6,313.8,262.1,235.9,0.6891,0.6632,234,353
away,1700,t90_s,1200,2,1009.5,0.594,433.6,168.9,407.0,366.3,0.8326,0.7923,280,353
away,1700,t90_s,1600,0,1346.0,0.792,468.7,877.4,0.0,0.0,0.3482,0.3482,164,471
away,1700,t90_s,1600,1,1346.0,0.792,468.7,571.1,306.2,275.6,0.5757,0.5529,260,471
away,1700,t90_s,1600,2,1346.0,0.792,468.7,373.0,504.4,453.9,0.7229,0.6854,323,471
away,1700,t35_s,400,0,518.1,0.305,378.5,139.6,0.0,0.0,0.7305,0.7305,132,181
away,1700,t35_s,400,1,518.1,0.305,378.5,1.1,138.6,124.7,0.9979,0.9712,176,181
away,1700,t35_s,400,2,518.1,0.305,378.5,0.0,139.6,125.7,1.0000,0.9731,176,181
away,1700,t35_s,800,0,1036.2,0.610,476.6,559.6,0.0,0.0,0.4600,0.4600,167,363
away,1700,t35_s,800,1,1036.2,0.610,476.6,267.1,292.5,263.3,0.7423,0.7140,259,363
away,1700,t35_s,800,2,1036.2,0.610,476.6,73.4,486.1,437.5,0.9291,0.8822,320,363
away,1700,t35_s,1200,0,1554.3,0.914,522.0,1032.3,0.0,0.0,0.3358,0.3358,183,544
away,1700,t35_s,1200,1,1554.3,0.914,522.0,706.2,326.1,293.5,0.5457,0.5247,285,544
away,1700,t35_s,1200,2,1554.3,0.914,522.0,434.4,597.9,538.1,0.7205,0.6820,371,544
away,1700,t35_s,1600,0,2072.4,1.219,551.2,1521.2,0.0,0.0,0.2660,0.2660,193,725
away,1700,t35_s,1600,1,2072.4,1.219,551.2,1177.5,343.7,309.3,0.4318,0.4152,301,725
away,1700,t35_s,1600,2,2072.4,1.219,551.2,877.5,643.7,579.3,0.5766,0.5455,396,725
away,1700,t60_s,400,0,466.5,0.274,346.9,119.6,0.0,0.0,0.7437,0.7437,121,163
away,1700,t60_s,400,1,466.5,0.274,346.9,1.7,117.8,106.0,0.9963,0.9710,159,163
away,1700,t60_s,400,2,466.5,0.274,346.9,0.0,119.6,107.6,1.0000,0.9744,159,163
away,1700,t60_s,800,0,933.0,0.549,442.5,490.5,0.0,0.0,0.4743,0.4743,155,327
away,1700,t60_s,800,1,933.0,0.549,442.5,214.3,276.2,248.6,0.7703,0.7407,242,327
away,1700,t60_s,800,2,933.0,0.549,442.5,59.2,431.2,388.1,0.9365,0.8903,291,327
away,1700,t60_s,1200,0,1399.5,0.823,488.1,911.3,0.0,0.0,0.3488,0.3488,171,490
away,1700,t60_s,1200,1,1399.5,0.823,488.1,594.9,316.5,284.8,0.5749,0.5523,271,490
away,1700,t60_s,1200,2,1399.5,0.823,488.1,341.5,569.9,512.9,0.7560,0.7153,350,490
away,1700,t60_s,1600,0,1866.0,1.098,516.6,1349.4,0.0,0.0,0.2769,0.2769,181,653
away,1700,t60_s,1600,1,1866.0,1.098,516.6,1014.3,335.1,301.6,0.4564,0.4385,286,653
away,1700,t60_s,1600,2,1866.0,1.098,516.6,727.7,621.6,559.5,0.6100,0.5767,377,653
away,1700,t90_sw,400,0,313.0,0.184,259.8,53.2,0.0,0.0,0.8300,0.8300,91,110
away,1700,t90_sw,400,1,313.0,0.184,259.8,0.1,53.1,47.8,0.9998,0.9828,108,110
away,1700,t90_sw,400,2,313.0,0.184,259.8,0.0,53.2,47.9,1.0000,0.9830,108,110
away,1700,t90_sw,800,0,625.9,0.368,361.8,264.1,0.0,0.0,0.5780,0.5780,127,219
away,1700,t90_sw,800,1,625.9,0.368,361.8,58.4,205.7,185.1,0.9066,0.8738,191,219
away,1700,t90_sw,800,2,625.9,0.368,361.8,5.1,259.0,233.1,0.9918,0.9504,208,219
away,1700,t90_sw,1200,0,938.9,0.552,425.5,513.4,0.0,0.0,0.4532,0.4532,149,329
away,1700,t90_sw,1200,1,938.9,0.552,425.5,239.0,274.3,246.9,0.7454,0.7162,235,329
away,1700,t90_sw,1200,2,938.9,0.552,425.5,82.8,430.6,387.5,0.9118,0.8659,285,329
away,1700,t90_sw,1600,0,1251.8,0.736,470.1,781.7,0.0,0.0,0.3755,0.3755,165,438
away,1700,t90_sw,1600,1,1251.8,0.736,470.1,472.8,308.9,278.1,0.6223,0.5976,262,438
away,1700,t90_sw,1600,2,1251.8,0.736,470.1,252.0,529.7,476.7,0.7987,0.7564,331,438
away,1700,t90_e,400,0,240.9,0.142,222.5,18.4,0.0,0.0,0.9235,0.9235,78,84
away,1700,t90_e,400,1,240.9,0.142,222.5,0.0,18.4,16.6,1.0000,0.9923,84,84
away,1700,t90_e,400,2,240.9,0.142,222.5,0.0,18.4,16.6,1.0000,0.9923,84,84
away,1700,t90_e,800,0,481.8,0.283,321.2,160.7,0.0,0.0,0.6666,0.6666,112,169
away,1700,t90_e,800,1,481.8,0.283,321.2,4.0,156.7,141.0,0.9918,0.9593,162,169
away,1700,t90_e,800,2,481.8,0.283,321.2,0.0,160.7,144.6,1.0000,0.9667,163,169
away,1700,t90_e,1200,0,722.8,0.425,385.5,337.3,0.0,0.0,0.5333,0.5333,135,253
away,1700,t90_e,1200,1,722.8,0.425,385.5,95.8,241.5,217.4,0.8675,0.8341,211,253
away,1700,t90_e,1200,2,722.8,0.425,385.5,4.6,332.7,299.4,0.9936,0.9476,240,253
away,1700,t90_e,1600,0,963.7,0.567,434.3,529.4,0.0,0.0,0.4506,0.4506,152,337
away,1700,t90_e,1600,1,963.7,0.567,434.3,253.1,276.4,248.7,0.7374,0.7087,239,337
away,1700,t90_e,1600,2,963.7,0.567,434.3,72.1,457.3,411.6,0.9252,0.8777,296,337
away,1700,t90_w,400,0,229.7,0.135,207.7,22.0,0.0,0.0,0.9044,0.9044,73,80
away,1700,t90_w,400,1,229.7,0.135,207.7,0.0,22.0,19.8,1.0000,0.9904,80,80
away,1700,t90_w,400,2,229.7,0.135,207.7,0.0,22.0,19.8,1.0000,0.9904,80,80
away,1700,t90_w,800,0,459.3,0.270,320.0,139.3,0.0,0.0,0.6966,0.6966,112,161
away,1700,t90_w,800,1,459.3,0.270,320.0,2.6,136.7,123.0,0.9943,0.9645,155,161
away,1700,t90_w,800,2,459.3,0.270,320.0,0.0,139.3,125.4,1.0000,0.9697,156,161
away,1700,t90_w,1200,0,689.0,0.405,394.3,294.6,0.0,0.0,0.5724,0.5724,138,241
away,1700,t90_w,1200,1,689.0,0.405,394.3,64.2,230.5,207.4,0.9069,0.8734,211,241
away,1700,t90_w,1200,2,689.0,0.405,394.3,3.1,291.5,262.4,0.9955,0.9532,230,241
away,1700,t90_w,1600,0,918.7,0.540,447.9,470.8,0.0,0.0,0.4875,0.4875,157,322
away,1700,t90_w,1600,1,918.7,0.540,447.9,194.3,276.5,248.9,0.7885,0.7584,244,322
away,1700,t90_w,1600,2,918.7,0.540,447.9,43.8,427.0,384.3,0.9523,0.9058,291,322
away,2400,t90_s,400,0,336.5,0.140,289.0,47.5,0.0,0.0,0.8589,0.8589,101,118
away,2400,t90_s,400,1,336.5,0.140,289.0,0.7,46.7,42.0,0.9978,0.9839,116,118
away,2400,t90_s,400,2,336.5,0.140,289.0,0.0,47.5,42.7,1.0000,0.9859,116,118
away,2400,t90_s,800,0,673.0,0.280,420.8,252.2,0.0,0.0,0.6253,0.6253,147,236
away,2400,t90_s,800,1,673.0,0.280,420.8,82.4,169.8,152.8,0.8775,0.8523,201,236
away,2400,t90_s,800,2,673.0,0.280,420.8,16.9,235.2,211.7,0.9748,0.9399,221,236
away,2400,t90_s,1200,0,1009.5,0.421,491.8,517.7,0.0,0.0,0.4871,0.4871,172,353
away,2400,t90_s,1200,1,1009.5,0.421,491.8,272.4,245.4,220.8,0.7302,0.7059,249,353
away,2400,t90_s,1200,2,1009.5,0.421,491.8,138.4,379.3,341.4,0.8629,0.8253,292,353
away,2400,t90_s,1600,0,1346.0,0.561,540.9,805.2,0.0,0.0,0.4018,0.4018,189,471
away,2400,t90_s,1600,1,1346.0,0.561,540.9,513.5,291.7,262.5,0.6185,0.5968,281,471
away,2400,t90_s,1600,2,1346.0,0.561,540.9,329.0,476.2,428.6,0.7556,0.7202,339,471
away,2400,t35_s,400,0,518.1,0.216,405.1,113.0,0.0,0.0,0.7819,0.7819,142,181
away,2400,t35_s,400,1,518.1,0.216,405.1,0.6,112.4,101.1,0.9988,0.9771,177,181
away,2400,t35_s,400,2,518.1,0.216,405.1,0.0,113.0,101.7,1.0000,0.9782,177,181
away,2400,t35_s,800,0,1036.2,0.432,547.3,488.9,0.0,0.0,0.5282,0.5282,192,363
away,2400,t35_s,800,1,1036.2,0.432,547.3,215.3,273.7,246.3,0.7923,0.7658,278,363
away,2400,t35_s,800,2,1036.2,0.432,547.3,48.0,440.9,396.8,0.9537,0.9111,330,363
away,2400,t35_s,1200,0,1554.3,0.648,617.3,937.0,0.0,0.0,0.3972,0.3972,216,544
away,2400,t35_s,1200,1,1554.3,0.648,617.3,620.0,317.0,285.3,0.6011,0.5807,316,544
away,2400,t35_s,1200,2,1554.3,0.648,617.3,361.6,575.4,517.9,0.7674,0.7304,397,544
away,2400,t35_s,1600,0,2072.4,0.864,660.1,1412.3,0.0,0.0,0.3185,0.3185,231,725
away,2400,t35_s,1600,1,2072.4,0.864,660.1,1075.8,336.5,302.9,0.4809,0.4647,337,725
away,2400,t35_s,1600,2,2072.4,0.864,660.1,785.0,627.3,564.6,0.6212,0.5909,429,725
away,2400,t60_s,400,0,466.5,0.194,370.5,96.0,0.0,0.0,0.7941,0.7941,130,163
away,2400,t60_s,400,1,466.5,0.194,370.5,1.2,94.8,85.3,0.9974,0.9771,160,163
away,2400,t60_s,400,2,466.5,0.194,370.5,0.0,96.0,86.4,1.0000,0.9794,160,163
away,2400,t60_s,800,0,933.0,0.389,503.3,429.7,0.0,0.0,0.5394,0.5394,176,327
away,2400,t60_s,800,1,933.0,0.389,503.3,173.2,256.6,230.9,0.8144,0.7869,257,327
away,2400,t60_s,800,2,933.0,0.389,503.3,41.6,388.1,349.3,0.9554,0.9138,298,327
away,2400,t60_s,1200,0,1399.5,0.583,572.1,827.4,0.0,0.0,0.4088,0.4088,200,490
away,2400,t60_s,1200,1,1399.5,0.583,572.1,521.8,305.5,275.0,0.6271,0.6053,296,490
away,2400,t60_s,1200,2,1399.5,0.583,572.1,287.1,540.2,486.2,0.7948,0.7562,370,490
away,2400,t60_s,1600,0,1866.0,0.777,614.1,1251.8,0.0,0.0,0.3291,0.3291,215,653
away,2400,t60_s,1600,1,1866.0,0.777,614.1,923.0,328.8,295.9,0.5053,0.4877,319,653
away,2400,t60_s,1600,2,1866.0,0.777,614.1,646.5,605.3,544.8,0.6535,0.6211,406,653
away,2400,t90_sw,400,0,313.0,0.130,270.9,42.1,0.0,0.0,0.8656,0.8656,95,110
away,2400,t90_sw,400,1,313.0,0.130,270.9,0.0,42.1,37.9,1.0000,0.9865,108,110
away,2400,t90_sw,400,2,313.0,0.130,270.9,0.0,42.1,37.9,1.0000,0.9866,108,110
away,2400,t90_sw,800,0,625.9,0.261,391.9,234.0,0.0,0.0,0.6261,0.6261,137,219
away,2400,t90_sw,800,1,625.9,0.261,391.9,46.8,187.2,168.5,0.9252,0.8953,196,219
away,2400,t90_sw,800,2,625.9,0.261,391.9,3.4,230.6,207.5,0.9945,0.9577,210,219
away,2400,t90_sw,1200,0,938.9,0.391,471.3,467.5,0.0,0.0,0.5020,0.5020,165,329
away,2400,t90_sw,1200,1,938.9,0.391,471.3,209.9,257.6,231.8,0.7764,0.7489,246,329
away,2400,t90_sw,1200,2,938.9,0.391,471.3,67.1,400.4,360.4,0.9285,0.8859,291,329
away,2400,t90_sw,1600,0,1251.8,0.522,528.9,722.9,0.0,0.0,0.4225,0.4225,185,438
away,2400,t90_sw,1600,1,1251.8,0.522,528.9,429.0,294.0,264.6,0.6573,0.6338,278,438
away,2400,t90_sw,1600,2,1251.8,0.522,528.9,221.5,501.5,451.3,0.8231,0.7830,343,438
away,2400,t90_e,400,0,240.9,0.100,233.9,7.1,0.0,0.0,0.9707,0.9707,82,84
away,2400,t90_e,400,1,240.9,0.100,233.9,0.0,7.1,6.4,1.0000,0.9971,84,84
away,2400,t90_e,400,2,240.9,0.100,233.9,0.0,7.1,6.4,1.0000,0.9971,84,84
away,2400,t90_e,800,0,481.8,0.201,374.4,107.4,0.0,0.0,0.7770,0.7770,131,169
away,2400,t90_e,800,1,481.8,0.201,374.4,0.7,106.8,96.1,0.9986,0.9765,165,169
away,2400,t90_e,800,2,481.8,0.201,374.4,0.0,107.4,96.7,1.0000,0.9777,165,169
away,2400,t90_e,1200,0,722.8,0.301,453.7,269.1,0.0,0.0,0.6277,0.6277,159,253
away,2400,t90_e,1200,1,722.8,0.301,453.7,51.3,217.7,196.0,0.9290,0.8988,227,253
away,2400,t90_e,1200,2,722.8,0.301,453.7,1.5,267.6,240.8,0.9980,0.9609,243,253
away,2400,t90_e,1600,0,963.7,0.402,512.1,451.6,0.0,0.0,0.5313,0.5313,179,337
away,2400,t90_e,1600,1,963.7,0.402,512.1,190.1,261.5,235.4,0.8027,0.7756,262,337
away,2400,t90_e,1600,2,963.7,0.402,512.1,37.7,413.9,372.5,0.9609,0.9179,310,337
away,2400,t90_w,400,0,229.7,0.096,211.4,18.3,0.0,0.0,0.9204,0.9204,74,80
away,2400,t90_w,400,1,229.7,0.096,211.4,0.0,18.3,16.5,1.0000,0.9920,80,80
away,2400,t90_w,400,2,229.7,0.096,211.4,0.0,18.3,16.5,1.0000,0.9920,80,80
away,2400,t90_w,800,0,459.3,0.191,340.0,119.4,0.0,0.0,0.7401,0.7401,119,161
away,2400,t90_w,800,1,459.3,0.191,340.0,1.2,118.1,106.3,0.9973,0.9716,156,161
away,2400,t90_w,800,2,459.3,0.191,340.0,0.0,119.4,107.4,1.0000,0.9740,157,161
away,2400,t90_w,1200,0,689.0,0.287,431.8,257.2,0.0,0.0,0.6267,0.6267,151,241
away,2400,t90_w,1200,1,689.0,0.287,431.8,49.9,207.3,186.6,0.9276,0.8976,216,241
away,2400,t90_w,1200,2,689.0,0.287,431.8,1.2,256.0,230.4,0.9983,0.9611,232,241
away,2400,t90_w,1600,0,918.7,0.383,499.6,419.1,0.0,0.0,0.5438,0.5438,175,322
away,2400,t90_w,1600,1,918.7,0.383,499.6,159.8,259.2,233.3,0.8260,0.7978,257,322
away,2400,t90_w,1600,2,918.7,0.383,499.6,30.5,388.6,349.7,0.9668,0.9245,297,322
away,3400,t90_s,400,0,336.5,0.099,293.6,42.9,0.0,0.0,0.8726,0.8726,103,118
away,3400,t90_s,400,1,336.5,0.099,293.6,0.6,42.3,38.1,0.9983,0.9857,116,118
away,3400,t90_s,400,2,336.5,0.099,293.6,0.0,42.9,38.6,1.0000,0.9873,116,118
away,3400,t90_s,800,0,673.0,0.198,453.5,219.5,0.0,0.0,0.6738,0.6738,159,236
away,3400,t90_s,800,1,673.0,0.198,453.5,68.8,150.7,135.6,0.8977,0.8754,206,236
away,3400,t90_s,800,2,673.0,0.198,453.5,13.5,206.0,185.4,0.9799,0.9493,224,236
away,3400,t90_s,1200,0,1009.5,0.297,547.1,462.4,0.0,0.0,0.5419,0.5419,191,353
away,3400,t90_s,1200,1,1009.5,0.297,547.1,232.4,230.0,207.0,0.7698,0.7470,264,353
away,3400,t90_s,1200,2,1009.5,0.297,547.1,111.1,351.3,316.2,0.8899,0.8551,302,353
away,3400,t90_s,1600,0,1346.0,0.396,613.0,733.1,0.0,0.0,0.4554,0.4554,215,471
away,3400,t90_s,1600,1,1346.0,0.396,613.0,456.8,276.3,248.7,0.6606,0.6401,302,471
away,3400,t90_s,1600,2,1346.0,0.396,613.0,282.8,450.3,405.3,0.7899,0.7565,356,471
away,3400,t35_s,400,0,518.1,0.152,414.8,103.3,0.0,0.0,0.8006,0.8006,145,181
away,3400,t35_s,400,1,518.1,0.152,414.8,0.4,102.9,92.6,0.9992,0.9793,178,181
away,3400,t35_s,400,2,518.1,0.152,414.8,0.0,103.3,93.0,1.0000,0.9801,178,181
away,3400,t35_s,800,0,1036.2,0.305,608.6,427.6,0.0,0.0,0.5873,0.5873,213,363
away,3400,t35_s,800,1,1036.2,0.305,608.6,180.0,247.6,222.9,0.8263,0.8024,291,363
away,3400,t35_s,800,2,1036.2,0.305,608.6,37.4,390.2,351.2,0.9639,0.9263,336,363
away,3400,t35_s,1200,0,1554.3,0.457,714.6,839.7,0.0,0.0,0.4598,0.4598,250,544
away,3400,t35_s,1200,1,1554.3,0.457,714.6,536.9,302.8,272.5,0.6546,0.6351,345,544
away,3400,t35_s,1200,2,1554.3,0.457,714.6,300.3,539.4,485.4,0.8068,0.7721,420,544
away,3400,t35_s,1600,0,2072.4,0.610,782.9,1289.5,0.0,0.0,0.3778,0.3778,274,725
away,3400,t35_s,1600,1,2072.4,0.610,782.9,962.6,326.9,294.2,0.5355,0.5198,377,725
away,3400,t35_s,1600,2,2072.4,0.610,782.9,681.8,607.7,547.0,0.6710,0.6417,465,725
away,3400,t60_s,400,0,466.5,0.137,379.8,86.7,0.0,0.0,0.8141,0.8141,133,163
away,3400,t60_s,400,1,466.5,0.137,379.8,1.0,85.8,77.2,0.9979,0.9796,160,163
away,3400,t60_s,400,2,466.5,0.137,379.8,0.0,86.7,78.0,1.0000,0.9814,160,163
away,3400,t60_s,800,0,933.0,0.274,555.1,377.9,0.0,0.0,0.5949,0.5949,194,327
away,3400,t60_s,800,1,933.0,0.274,555.1,143.7,234.2,210.8,0.8460,0.8209,268,327
away,3400,t60_s,800,2,933.0,0.274,555.1,33.1,344.8,310.3,0.9645,0.9275,303,327
away,3400,t60_s,1200,0,1399.5,0.412,655.6,743.8,0.0,0.0,0.4685,0.4685,229,490
away,3400,t60_s,1200,1,1399.5,0.412,655.6,456.4,287.5,258.7,0.6739,0.6534,320,490
away,3400,t60_s,1200,2,1399.5,0.412,655.6,237.4,506.4,455.8,0.8303,0.7941,389,490
away,3400,t60_s,1600,0,1866.0,0.549,721.0,1144.9,0.0,0.0,0.3864,0.3864,252,653
away,3400,t60_s,1600,1,1866.0,0.549,721.0,827.5,317.4,285.7,0.5565,0.5395,352,653
away,3400,t60_s,1600,2,1866.0,0.549,721.0,567.3,577.7,519.9,0.6960,0.6650,434,653
away,3400,t90_sw,400,0,313.0,0.092,275.2,37.8,0.0,0.0,0.8793,0.8793,96,110
away,3400,t90_sw,400,1,313.0,0.092,275.2,0.0,37.8,34.0,1.0000,0.9879,108,110
away,3400,t90_sw,400,2,313.0,0.092,275.2,0.0,37.8,34.0,1.0000,0.9879,108,110
away,3400,t90_sw,800,0,625.9,0.184,417.1,208.8,0.0,0.0,0.6664,0.6664,146,219
away,3400,t90_sw,800,1,625.9,0.184,417.1,41.2,167.6,150.8,0.9341,0.9074,199,219
away,3400,t90_sw,800,2,625.9,0.184,417.1,3.2,205.6,185.1,0.9949,0.9621,211,219
away,3400,t90_sw,1200,0,938.9,0.276,511.7,427.2,0.0,0.0,0.5450,0.5450,179,329
away,3400,t90_sw,1200,1,938.9,0.276,511.7,184.1,243.0,218.7,0.8039,0.7780,256,329
away,3400,t90_sw,1200,2,938.9,0.276,511.7,59.0,368.2,331.4,0.9372,0.8980,295,329
away,3400,t90_sw,1600,0,1251.8,0.368,584.2,667.6,0.0,0.0,0.4667,0.4667,204,438
away,3400,t90_sw,1600,1,1251.8,0.368,584.2,390.7,276.9,249.2,0.6879,0.6658,292,438
away,3400,t90_sw,1600,2,1251.8,0.368,584.2,193.2,474.4,427.0,0.8457,0.8078,354,438
away,3400,t90_e,400,0,240.9,0.071,235.3,5.6,0.0,0.0,0.9769,0.9769,82,84
away,3400,t90_e,400,1,240.9,0.071,235.3,0.0,5.6,5.0,1.0000,0.9977,84,84
away,3400,t90_e,400,2,240.9,0.071,235.3,0.0,5.6,5.0,1.0000,0.9977,84,84
away,3400,t90_e,800,0,481.8,0.142,418.3,63.6,0.0,0.0,0.8681,0.8681,146,169
away,3400,t90_e,800,1,481.8,0.142,418.3,0.3,63.2,56.9,0.9993,0.9862,166,169
away,3400,t90_e,800,2,481.8,0.142,418.3,0.0,63.6,57.2,1.0000,0.9868,166,169
away,3400,t90_e,1200,0,722.8,0.213,530.3,192.5,0.0,0.0,0.7337,0.7337,186,253
away,3400,t90_e,1200,1,722.8,0.213,530.3,18.1,174.3,156.9,0.9749,0.9508,241,253
away,3400,t90_e,1200,2,722.8,0.213,530.3,0.8,191.6,172.4,0.9988,0.9723,246,253
away,3400,t90_e,1600,0,963.7,0.283,605.0,358.7,0.0,0.0,0.6278,0.6278,212,337
away,3400,t90_e,1600,1,963.7,0.283,605.0,117.9,240.8,216.7,0.8777,0.8527,288,337
away,3400,t90_e,1600,2,963.7,0.283,605.0,13.8,344.9,310.4,0.9857,0.9499,320,337
away,3400,t90_w,400,0,229.7,0.068,213.2,16.4,0.0,0.0,0.9284,0.9284,75,80
away,3400,t90_w,400,1,229.7,0.068,213.2,0.0,16.4,14.8,1.0000,0.9928,80,80
away,3400,t90_w,400,2,229.7,0.068,213.2,0.0,16.4,14.8,1.0000,0.9928,80,80
away,3400,t90_w,800,0,459.3,0.135,351.2,108.1,0.0,0.0,0.7646,0.7646,123,161
away,3400,t90_w,800,1,459.3,0.135,351.2,1.0,107.1,96.4,0.9979,0.9745,157,161
away,3400,t90_w,800,2,459.3,0.135,351.2,0.0,108.1,97.3,1.0000,0.9765,157,161
away,3400,t90_w,1200,0,689.0,0.203,459.5,229.5,0.0,0.0,0.6669,0.6669,161,241
away,3400,t90_w,1200,1,689.0,0.203,459.5,43.2,186.4,167.7,0.9374,0.9103,220,241
away,3400,t90_w,1200,2,689.0,0.203,459.5,1.0,228.5,205.6,0.9985,0.9654,233,241
away,3400,t90_w,1600,0,918.7,0.270,544.0,374.6,0.0,0.0,0.5922,0.5922,190,322
away,3400,t90_w,1600,1,918.7,0.270,544.0,138.2,236.4,212.8,0.8496,0.8238,265,322
away,3400,t90_w,1600,2,918.7,0.270,544.0,22.0,352.7,317.4,0.9761,0.9377,302,322
away,4200,t90_s,400,0,336.5,0.080,295.0,41.5,0.0,0.0,0.8766,0.8766,103,118
away,4200,t90_s,400,1,336.5,0.080,295.0,0.5,41.0,36.9,0.9985,0.9863,116,118
away,4200,t90_s,400,2,336.5,0.080,295.0,0.0,41.5,37.4,1.0000,0.9877,116,118
away,4200,t90_s,800,0,673.0,0.160,467.1,206.0,0.0,0.0,0.6940,0.6940,163,236
away,4200,t90_s,800,1,673.0,0.160,467.1,65.8,140.1,126.1,0.9022,0.8814,208,236
away,4200,t90_s,800,2,673.0,0.160,467.1,13.0,193.0,173.7,0.9807,0.9520,224,236
away,4200,t90_s,1200,0,1009.5,0.240,576.3,433.3,0.0,0.0,0.5708,0.5708,202,353
away,4200,t90_s,1200,1,1009.5,0.240,576.3,213.2,220.1,198.1,0.7888,0.7670,271,353
away,4200,t90_s,1200,2,1009.5,0.240,576.3,101.7,331.6,298.4,0.8993,0.8664,306,353
away,4200,t90_s,1600,0,1346.0,0.320,654.9,691.1,0.0,0.0,0.4865,0.4865,229,471
away,4200,t90_s,1600,1,1346.0,0.320,654.9,423.6,267.5,240.8,0.6853,0.6654,313,471
away,4200,t90_s,1600,2,1346.0,0.320,654.9,256.7,434.4,391.0,0.8093,0.7770,366,471
away,4200,t35_s,400,0,518.1,0.123,417.5,100.6,0.0,0.0,0.8058,0.8058,146,181
away,4200,t35_s,400,1,518.1,0.123,417.5,0.4,100.3,90.2,0.9993,0.9800,178,181
away,4200,t35_s,400,2,518.1,0.123,417.5,0.0,100.6,90.5,1.0000,0.9806,178,181
away,4200,t35_s,800,0,1036.2,0.247,634.2,402.0,0.0,0.0,0.6120,0.6120,222,363
away,4200,t35_s,800,1,1036.2,0.247,634.2,174.1,227.9,205.1,0.8320,0.8100,294,363
away,4200,t35_s,800,2,1036.2,0.247,634.2,34.9,367.1,330.4,0.9664,0.9309,338,363
away,4200,t35_s,1200,0,1554.3,0.370,768.7,785.6,0.0,0.0,0.4946,0.4946,269,544
away,4200,t35_s,1200,1,1554.3,0.370,768.7,496.1,289.5,260.5,0.6808,0.6622,360,544
away,4200,t35_s,1200,2,1554.3,0.370,768.7,273.5,512.1,460.9,0.8241,0.7911,430,544
away,4200,t35_s,1600,0,2072.4,0.493,857.8,1214.6,0.0,0.0,0.4139,0.4139,300,725
away,4200,t35_s,1600,1,2072.4,0.493,857.8,894.9,319.7,287.7,0.5682,0.5528,401,725
away,4200,t35_s,1600,2,2072.4,0.493,857.8,626.7,587.9,529.1,0.6976,0.6692,485,725
away,4200,t60_s,400,0,466.5,0.111,382.3,84.2,0.0,0.0,0.8194,0.8194,134,163
away,4200,t60_s,400,1,466.5,0.111,382.3,0.9,83.4,75.0,0.9982,0.9803,160,163
away,4200,t60_s,400,2,466.5,0.111,382.3,0.0,84.2,75.8,1.0000,0.9819,160,163
away,4200,t60_s,800,0,933.0,0.222,577.3,355.6,0.0,0.0,0.6188,0.6188,202,327
away,4200,t60_s,800,1,933.0,0.222,577.3,137.6,218.1,196.3,0.8526,0.8292,271,327
away,4200,t60_s,800,2,933.0,0.222,577.3,31.8,323.8,291.4,0.9659,0.9312,304,327
away,4200,t60_s,1200,0,1399.5,0.333,701.2,698.2,0.0,0.0,0.5011,0.5011,245,490
away,4200,t60_s,1200,1,1399.5,0.333,701.2,422.1,276.1,248.5,0.6984,0.6786,332,490
away,4200,t60_s,1200,2,1399.5,0.333,701.2,215.4,482.8,434.5,0.8461,0.8116,398,490
away,4200,t60_s,1600,0,1866.0,0.444,784.9,1081.1,0.0,0.0,0.4206,0.4206,275,653
away,4200,t60_s,1600,1,1866.0,0.444,784.9,774.1,307.0,276.3,0.5851,0.5687,371,653
away,4200,t60_s,1600,2,1866.0,0.444,784.9,523.8,557.2,501.5,0.7193,0.6894,450,653
away,4200,t90_sw,400,0,313.0,0.075,276.7,36.3,0.0,0.0,0.8841,0.8841,97,110
away,4200,t90_sw,400,1,313.0,0.075,276.7,0.0,36.3,32.6,1.0000,0.9884,108,110
away,4200,t90_sw,400,2,313.0,0.075,276.7,0.0,36.3,32.6,1.0000,0.9884,108,110
away,4200,t90_sw,800,0,625.9,0.149,427.6,198.3,0.0,0.0,0.6832,0.6832,150,219
away,4200,t90_sw,800,1,625.9,0.149,427.6,39.9,158.4,142.6,0.9363,0.9110,200,219
away,4200,t90_sw,800,2,625.9,0.149,427.6,3.1,195.2,175.7,0.9951,0.9639,211,219
away,4200,t90_sw,1200,0,938.9,0.224,533.5,405.3,0.0,0.0,0.5683,0.5683,187,329
away,4200,t90_sw,1200,1,938.9,0.224,533.5,174.0,231.3,208.2,0.8147,0.7900,260,329
away,4200,t90_sw,1200,2,938.9,0.224,533.5,55.4,350.0,315.0,0.9410,0.9037,297,329
away,4200,t90_sw,1600,0,1251.8,0.298,614.1,637.7,0.0,0.0,0.4906,0.4906,215,438
away,4200,t90_sw,1600,1,1251.8,0.298,614.1,369.5,268.2,241.3,0.7048,0.6834,299,438
away,4200,t90_sw,1600,2,1251.8,0.298,614.1,181.3,456.4,410.7,0.8552,0.8187,359,438
away,4200,t90_e,400,0,240.9,0.057,235.7,5.2,0.0,0.0,0.9785,0.9785,83,84
away,4200,t90_e,400,1,240.9,0.057,235.7,0.0,5.2,4.7,1.0000,0.9978,84,84
away,4200,t90_e,400,2,240.9,0.057,235.7,0.0,5.2,4.7,1.0000,0.9978,84,84
away,4200,t90_e,800,0,481.8,0.115,430.9,51.0,0.0,0.0,0.8943,0.8943,151,169
away,4200,t90_e,800,1,481.8,0.115,430.9,0.2,50.8,45.7,0.9996,0.9891,167,169
away,4200,t90_e,800,2,481.8,0.115,430.9,0.0,51.0,45.9,1.0000,0.9894,167,169
away,4200,t90_e,1200,0,722.8,0.172,573.0,149.7,0.0,0.0,0.7928,0.7928,201,253
away,4200,t90_e,1200,1,722.8,0.172,573.0,7.5,142.2,128.0,0.9896,0.9699,245,253
away,4200,t90_e,1200,2,722.8,0.172,573.0,0.6,149.1,134.2,0.9991,0.9785,248,253
away,4200,t90_e,1600,0,963.7,0.229,666.0,297.7,0.0,0.0,0.6911,0.6911,233,337
away,4200,t90_e,1600,1,963.7,0.229,666.0,76.2,221.5,199.4,0.9210,0.8980,303,337
away,4200,t90_e,1600,2,963.7,0.229,666.0,6.2,291.5,262.4,0.9936,0.9634,325,337
away,4200,t90_w,400,0,229.7,0.055,214.1,15.6,0.0,0.0,0.9320,0.9320,75,80
away,4200,t90_w,400,1,229.7,0.055,214.1,0.0,15.6,14.0,1.0000,0.9932,80,80
away,4200,t90_w,400,2,229.7,0.055,214.1,0.0,15.6,14.0,1.0000,0.9932,80,80
away,4200,t90_w,800,0,459.3,0.109,354.0,105.4,0.0,0.0,0.7706,0.7706,124,161
away,4200,t90_w,800,1,459.3,0.109,354.0,0.9,104.4,94.0,0.9980,0.9752,157,161
away,4200,t90_w,800,2,459.3,0.109,354.0,0.0,105.4,94.8,1.0000,0.9771,157,161
away,4200,t90_w,1200,0,689.0,0.164,470.2,218.8,0.0,0.0,0.6824,0.6824,165,241
away,4200,t90_w,1200,1,689.0,0.164,470.2,41.3,177.5,159.8,0.9401,0.9143,220,241
away,4200,t90_w,1200,2,689.0,0.164,470.2,1.0,217.8,196.0,0.9985,0.9669,233,241
away,4200,t90_w,1600,0,918.7,0.219,564.8,353.9,0.0,0.0,0.6148,0.6148,198,322
away,4200,t90_w,1600,1,918.7,0.219,564.8,131.3,222.6,200.3,0.8570,0.8328,268,322
away,4200,t90_w,1600,2,918.7,0.219,564.8,19.6,334.3,300.9,0.9787,0.9423,303,322
away,7000,t90_s,400,0,336.5,0.048,297.4,39.2,0.0,0.0,0.8836,0.8836,104,118
away,7000,t90_s,400,1,336.5,0.048,297.4,0.4,38.8,34.9,0.9989,0.9873,116,118
away,7000,t90_s,400,2,336.5,0.048,297.4,0.0,39.2,35.2,1.0000,0.9884,116,118
away,7000,t90_s,800,0,673.0,0.096,477.8,195.2,0.0,0.0,0.7100,0.7100,167,236
away,7000,t90_s,800,1,673.0,0.096,477.8,63.6,131.6,118.4,0.9055,0.8860,209,236
away,7000,t90_s,800,2,673.0,0.096,477.8,12.1,183.1,164.8,0.9821,0.9549,225,236
away,7000,t90_s,1200,0,1009.5,0.144,621.0,388.6,0.0,0.0,0.6151,0.6151,217,353
away,7000,t90_s,1200,1,1009.5,0.144,621.0,194.8,193.7,174.4,0.8070,0.7878,278,353
away,7000,t90_s,1200,2,1009.5,0.144,621.0,95.5,293.1,263.8,0.9054,0.8764,310,353
away,7000,t90_s,1600,0,1346.0,0.192,736.2,609.8,0.0,0.0,0.5469,0.5469,258,471
away,7000,t90_s,1600,1,1346.0,0.192,736.2,366.8,243.1,218.8,0.7275,0.7095,334,471
away,7000,t90_s,1600,2,1346.0,0.192,736.2,222.1,387.7,349.0,0.8350,0.8062,380,471
away,7000,t35_s,400,0,518.1,0.074,422.2,95.9,0.0,0.0,0.8150,0.8150,148,181
away,7000,t35_s,400,1,518.1,0.074,422.2,0.2,95.6,86.1,0.9996,0.9811,178,181
away,7000,t35_s,400,2,518.1,0.074,422.2,0.0,95.9,86.3,1.0000,0.9815,178,181
away,7000,t35_s,800,0,1036.2,0.148,654.2,382.0,0.0,0.0,0.6314,0.6314,229,363
away,7000,t35_s,800,1,1036.2,0.148,654.2,168.6,213.4,192.0,0.8373,0.8167,296,363
away,7000,t35_s,800,2,1036.2,0.148,654.2,32.0,350.0,315.0,0.9691,0.9353,339,363
away,7000,t35_s,1200,0,1554.3,0.222,856.7,697.6,0.0,0.0,0.5512,0.5512,300,544
away,7000,t35_s,1200,1,1554.3,0.222,856.7,453.4,244.3,219.8,0.7083,0.6926,377,544
away,7000,t35_s,1200,2,1554.3,0.222,856.7,257.3,440.3,396.3,0.8345,0.8061,439,544
away,7000,t35_s,1600,0,2072.4,0.296,1014.2,1058.2,0.0,0.0,0.4894,0.4894,355,725
away,7000,t35_s,1600,1,2072.4,0.296,1014.2,773.7,284.5,256.0,0.6267,0.6129,445,725
away,7000,t35_s,1600,2,2072.4,0.296,1014.2,541.9,516.3,464.6,0.7385,0.7136,518,725
away,7000,t60_s,400,0,466.5,0.067,386.6,79.9,0.0,0.0,0.8287,0.8287,135,163
away,7000,t60_s,400,1,466.5,0.067,386.6,0.7,79.2,71.3,0.9985,0.9815,160,163
away,7000,t60_s,400,2,466.5,0.067,386.6,0.0,79.9,71.9,1.0000,0.9829,160,163
away,7000,t60_s,800,0,933.0,0.133,596.7,336.3,0.0,0.0,0.6395,0.6395,209,327
away,7000,t60_s,800,1,933.0,0.133,596.7,132.8,203.5,183.1,0.8576,0.8358,273,327
away,7000,t60_s,800,2,933.0,0.133,596.7,30.1,306.3,275.6,0.9678,0.9350,305,327
away,7000,t60_s,1200,0,1399.5,0.200,777.8,621.6,0.0,0.0,0.5558,0.5558,272,490
away,7000,t60_s,1200,1,1399.5,0.200,777.8,383.4,238.2,214.4,0.7260,0.7090,347,490
away,7000,t60_s,1200,2,1399.5,0.200,777.8,200.4,421.2,379.1,0.8568,0.8267,405,490
away,7000,t60_s,1600,0,1866.0,0.267,916.8,949.2,0.0,0.0,0.4913,0.4913,321,653
away,7000,t60_s,1600,1,1866.0,0.267,916.8,672.5,276.6,249.0,0.6396,0.6247,408,653
away,7000,t60_s,1600,2,1866.0,0.267,916.8,451.6,497.6,447.8,0.7580,0.7313,478,653
away,7000,t90_sw,400,0,313.0,0.045,279.3,33.6,0.0,0.0,0.8925,0.8925,98,110
away,7000,t90_sw,400,1,313.0,0.045,279.3,0.0,33.6,30.3,1.0000,0.9892,108,110
away,7000,t90_sw,400,2,313.0,0.045,279.3,0.0,33.6,30.3,1.0000,0.9892,108,110
away,7000,t90_sw,800,0,625.9,0.089,435.8,190.1,0.0,0.0,0.6963,0.6963,153,219
away,7000,t90_sw,800,1,625.9,0.089,435.8,37.8,152.2,137.0,0.9396,0.9152,201,219
away,7000,t90_sw,800,2,625.9,0.089,435.8,2.8,187.2,168.5,0.9955,0.9655,212,219
away,7000,t90_sw,1200,0,938.9,0.134,567.1,371.8,0.0,0.0,0.6040,0.6040,198,329
away,7000,t90_sw,1200,1,938.9,0.134,567.1,165.0,206.8,186.1,0.8243,0.8022,264,329
away,7000,t90_sw,1200,2,938.9,0.134,567.1,53.0,318.8,286.9,0.9436,0.9096,299,329
away,7000,t90_sw,1600,0,1251.8,0.179,675.4,576.4,0.0,0.0,0.5396,0.5396,236,438
away,7000,t90_sw,1600,1,1251.8,0.179,675.4,336.9,239.5,215.5,0.7309,0.7117,312,438
away,7000,t90_sw,1600,2,1251.8,0.179,675.4,168.8,407.5,366.8,0.8651,0.8326,365,438
away,7000,t90_e,400,0,240.9,0.034,236.4,4.5,0.0,0.0,0.9813,0.9813,83,84
away,7000,t90_e,400,1,240.9,0.034,236.4,0.0,4.5,4.1,1.0000,0.9981,84,84
away,7000,t90_e,400,2,240.9,0.034,236.4,0.0,4.5,4.1,1.0000,0.9981,84,84
away,7000,t90_e,800,0,481.8,0.069,435.2,46.7,0.0,0.0,0.9031,0.9031,152,169
away,7000,t90_e,800,1,481.8,0.069,435.2,0.1,46.6,42.0,0.9999,0.9902,167,169
away,7000,t90_e,800,2,481.8,0.069,435.2,0.0,46.7,42.0,1.0000,0.9903,167,169
away,7000,t90_e,1200,0,722.8,0.103,620.9,101.9,0.0,0.0,0.8591,0.8591,217,253
away,7000,t90_e,1200,1,722.8,0.103,620.9,2.3,99.6,89.6,0.9968,0.9830,249,253
away,7000,t90_e,1200,2,722.8,0.103,620.9,0.1,101.8,91.6,0.9999,0.9858,249,253
away,7000,t90_e,1600,0,963.7,0.138,783.7,180.0,0.0,0.0,0.8133,0.8133,274,337
away,7000,t90_e,1600,1,963.7,0.138,783.7,16.6,163.3,147.0,0.9827,0.9658,326,337
away,7000,t90_e,1600,2,963.7,0.138,783.7,1.6,178.4,160.5,0.9983,0.9798,330,337
away,7000,t90_w,400,0,229.7,0.033,215.5,14.2,0.0,0.0,0.9382,0.9382,75,80
away,7000,t90_w,400,1,229.7,0.033,215.5,0.0,14.2,12.8,1.0000,0.9938,80,80
away,7000,t90_w,400,2,229.7,0.033,215.5,0.0,14.2,12.8,1.0000,0.9938,80,80
away,7000,t90_w,800,0,459.3,0.066,357.1,102.2,0.0,0.0,0.7775,0.7775,125,161
away,7000,t90_w,800,1,459.3,0.066,357.1,0.8,101.4,91.2,0.9982,0.9761,157,161
away,7000,t90_w,800,2,459.3,0.066,357.1,0.0,102.2,92.0,1.0000,0.9777,157,161
away,7000,t90_w,1200,0,689.0,0.098,480.3,208.7,0.0,0.0,0.6971,0.6971,168,241
away,7000,t90_w,1200,1,689.0,0.098,480.3,39.1,169.6,152.7,0.9433,0.9186,222,241
away,7000,t90_w,1200,2,689.0,0.098,480.3,1.0,207.7,187.0,0.9986,0.9684,234,241
away,7000,t90_w,1600,0,918.7,0.131,591.6,327.1,0.0,0.0,0.6439,0.6439,207,322
away,7000,t90_w,1600,1,918.7,0.131,591.6,125.8,201.3,181.2,0.8630,0.8411,270,322
away,7000,t90_w,1600,2,918.7,0.131,591.6,17.5,309.6,278.6,0.9809,0.9472,305,322
